url,ten_san_pham,thuong_hieu,gia_ban,sku,mo_ta_ngan,Trọng lượng ,Công nghệ âm thanh ,Công suất ,Thời lượng pin ,Chống nước,Hãng sản xuất,Phạm vi kết nối ,Kích thước,Số loa kết nối cùng lúc,Cổng kết nối ,Cấu tạo,Tính năng khác,Tiện ích,Dung lượng Pin,Pin,Công suất,Micro,Thời lượng sử dụng Pin
https://cellphones.com.vn/loa-bluetooth-sony-srs-xb100.html,Loa Bluetooth Sony SRS-XB100 Extra Bass,Sony,Liên hệ,L.SN.02,"Mua Loa Sony SRS-XB100 Extra Bass chất lượng - Giá rẻ, ưu đãi tốt, có trả góp, giao hàng nhanh chóng toàn quốc. Mua ngay SRS-XB100 tại đây.",274g,DSP X-BalancedSpeaker UnitKhử tiếng vọng,5W,16 giờ,IP67,Sony,10 m,,,,,,,,,,,
https://cellphones.com.vn/loa-bluetooth-jbl-boombox-3.html,Loa Bluetooth JBL Boombox 3,JBL,Liên hệ,loa-bluetooth-jbl-boombox-3,"Mua Loa bluetooth JBL Boombox 3 chính hãng - Giá rẻ, chất lượng, bảo hành lâu dài, giao hàng toàn quốc. Mua ngay JBL Boombox 3 tại đây.",6.7 kg ,JBL Original Pro Sound ,180W,24 giờ,IP67,JBL,,48.2 cm x 25.7 cm x 20.0 cm,2 loa,,,,,,,,,
https://cellphones.com.vn/loa-alpha-works-aw-w89.html,Loa Bluetooth Alpha Works AW-W89,Alpha Works,Liên hệ,loa-alpha-works-aw-w89,"Mua Loa Alpha Works AW-W89 chính hãng - Giá rẻ, trả góp tốt, bảo hành uy tín, giao hàng nhanh toàn quốc. Mua Alpha Works AW-W89 tại đây.",3.25 kg,True Wireless Stereo,60W,12800mAh,,Alpha Works,,280 x 150 x 172 mm,,USBAUXMicro 6.35 mm,Loa woofer 4 inch Loa tweeter vòm 20 lõi Ống cộng hưởng bass,,,,,,,
https://cellphones.com.vn/loa-bluetooth-edifier-es20.html,Loa Bluetooth Edifier ES20,Edifier,Liên hệ,loa-bluetooth-edifier-es20,"Mua loa Edifier ES20 chính hãng - Giá tốt 06/2026, Giảm thêm Smember, bảo hành uy tín, giao hàng toàn quốc. Mua ngay Edifier ES20 tại đây.",326g,,RMS 6W,15 giờ,IP67,Edifier,,90.4 x 49.7 x 93.7 mm,2,,,Kết nối TWS stereoAmbient Light,,,,,,
https://cellphones.com.vn/loa-bluetooth-fender-riff.html,Loa Bluetooth Fender Riff,Fender,Liên hệ,loa-bluetooth-fender-riff,"Mua Loa Bluetooth Fender Riff chính hãng - Giá tốt, bảo hành uy tín, giao hàng tận nơi toàn quốc. Mua ngay Fender Riff tại đây.",2.41 kg,,60W,30 giờ,IP54,Fender,,20 x 20 x 30 cm,,Line guitar 6.3mm AUX IN 3.5mm,2 x loa trầm toàn dải 2 x loa tweeter 2 x bộ tản nhiệt âm trầm,,,,,,,
https://cellphones.com.vn/loa-bluetooth-sony-ult-field-1.html,Loa Bluetooth Sony ULT Field 1,Sony,Liên hệ,loa-bluetooth-sony-ult-field-1,"Mua Loa Sony ULT Field 1 chính hãng - Giá tốt, Tặng 6 tháng bảo hành mở rộng, Giảm Smember, giao toàn quốc. Mua ngay ULT Field SRS-ULT10 tại đây.",,ULT POWER SOUND,Hãng không công bố,12 giờ,IP67,Sony,,,,,Loa tweeter: Xấp xỉ φ16 mmLoa woofer: Xấp xỉ 83 x 42 mm,Khử tiếng vọng khi đàm thoạiStereo Pair,,,,,,
https://cellphones.com.vn/loa-lg-soundbar-sc9s.html,Loa Thanh LG Soundbar SC9S,LG,Liên hệ,loa-lg-soundbar-sc9s,"Mua Loa Thanh LG Soundbar SC9S chính hãng - Giá tốt, bảo hành uy tín, giao hàng tận nơi toàn quốc. Mua ngay LG Soundbar SC9S tại đây.",Phần cứng: 4.1 kg  Loa siêu trầm: 7.8 kg,Pass-through 4K và VRR/ ALLM WOW interfaceAACAI Sound ProDolby DigitalDTS Digital Surround,400W,,,LG,,Phần cứng: 975 x 63 x 125 mmLoa siêu trầm: 221 x 390 x 313 mm,,HDMI ARC (cắm tivi)OpticalUSB,,,,,,,,
https://cellphones.com.vn/loa-karaoke-acnos-flac-36-ultimate.html,Loa karaoke xách tay Acnos Flac 36 Ultimate,Acnos,Liên hệ,loa-karaoke-acnos-flac-36-ultimate,"Mua Loa Acnos Flac 36 Ultimate chính hãng - Giá tốt, bảo hành uy tín, giao hàng tận nơi toàn quốc. Mua ngay Acnos Flac 36 Ultimate tại đây.",19.8 kg,,500 W (RMS),,,Acnos,,480 × 320 × 278 mm,,"USB MP3 (Type A),OTG (USB-C),HDMI ARC (IN),OPTICAL (IN),MIC 6.35mm, GUITAR 6.35mm, AUX IN 3.5mm, SUB OUT 3.5mm, Bluetooth","1 loa SUB 20cm, 2 loa MID 10cm, 2 loa Super TWEETER",Mic Wireless Stereo (MWS) Wireless Microphone,,,,,,
https://cellphones.com.vn/loa-bluetooth-energizer-bts163bk-tich-hop-pin-du-phong.html,Loa Bluetooth Energizer tích hợp pin dự phòng BTS163BK,Energizer,Liên hệ,loa-bluetooth-energizer-bts163bk-tich-hop-pin-du-phong,"Mua Loa Bluetooth Energizer tích hợp pin dự phòng BTS163BK chính hãng - Giá tốt, bảo hành uy tín, giao hàng tận nơi toàn quốc. Mua ngay Energizer BTS163BK tại đây.",790g ± 10g,,16 W,Nghe nhạc: 4 giờ,IPX65,Energizer,, Φ102*193(H) mm,,"Micro SD, USB, AUX",,"Tích hợp sạc dự phòngHỗ trợ chức năng Rảnh tay, thẻ Micro SD, USB, AUX",,,,,,
https://cellphones.com.vn/loa-bluetooth-edifier-mp85.html,Loa Bluetooth Edifier MP85,Edifier,Liên hệ,L.ED.06,"Mua Loa Edifier MP85  chính hãng - Giá rẻ, ưu đãi tốt, chất lượng, độ bền cao, giao hàng miễn phí toàn quốc. Mua Edifier MP85 tại đây.",,,2.2W,480mAh,,Edifier,10 m,,,,,,,,,,,
https://cellphones.com.vn/loa-bluetooth-soundpeats-hi-singing.html,Loa Bluetooth SoundPEATS Hi Singing,Soundpeats,Liên hệ,tai-nghe-khong-day-soundpeats-hi-sing,"Mua Loa Bluetooth Soundpeats Hi Singing chính hãng - Giá tốt, bảo hành uy tín, giao hàng toàn quốc. Mua ngay Soundpeats Hi Sing tại đây.",Loa: 292.5gMicro: 81g,,,5 giờ,,Soundpeats,,,,,Driver Dynamic: 49.8 x 21 mm,Có đèn LED,,,,,,
https://cellphones.com.vn/loa-bluetooth-havit-sk809bt.html,Loa Bluetooth Havit SK809BT,Havit,Liên hệ,loa-bluetooth-havit-sk809bt,"Mua Loa Havit SK809BT chính hãng - Giá tốt, bảo hành uy tín, giao hàng tận nơi toàn quốc. Mua ngay Havit SK809BT tại đây.",500g,,6W,6 giờ,IPX6,Havit,,27 x 13 x 14cm,2 loa,"AUX, TF",,Chức năng điện thoạiĐèn LED nhiều màu,,,,,,
https://cellphones.com.vn/loa-bluetooth-lg-xboom-bounce.html,Loa Bluetooth LG xboom Bounce,LG,Liên hệ,loa-lg-xboom-bounce,"Mua Loa Bluetooth LG xboom Bounce chính hãng - Giá tốt, bảo hành uy tín, giao hàng tận nơi toàn quốc. Mua ngay Loa Bluetooth LG xboom Bounce tại đây.",1.42 kg,AI Sound,30W,30 giờ,IP67,LG,,272 x 103 x 88 mm,,,Loa tweeter: 20 mm x 2  Loa trầm: 93 x 53 mm  Dây đeo,Kết nối nhiều loa qua Auracast™  Ra lệnh bằng giọng nói  Ứng dụng Buetooth (Android/IOS),,,,,,
https://cellphones.com.vn/loa-bluetooth-alpha-works-aw-w38.html,Loa Bluetooth Alpha Works AW-W38,Alpha Works,Liên hệ,loa-bluetooth-alpha-works-aw-w38,"Mua Loa Alpha Works W38 chính hãng - Giá rẻ, trả góp tốt, bảo hành uy tín, giao hàng nhanh toàn quốc. Mua Alpha Works AW-W38 tại đây.",700g,,20W (RMS)40W (Peak),13 giờ,IPX4,Alpha Works,,,2,AUX 3.5mm,,,,,,,,
https://cellphones.com.vn/loa-bluetooth-stargo-wave-mini.html,Loa Bluetooth StarGO Wave Mini,StarGO,Liên hệ,loa-bluetooth-stargo-wave-mini,"Mua Loa Bluetooth StarGO Ware Mini chính hãng - Giá tốt, bảo hành uy tín, giao hàng toàn quốc. Mua ngay StarGO Ware Mini tại đây.",274 g,,7W,3 giờ,,StarGO,,124.5 x 48 x 85.5 mm,,,Màng loa: 52mm,,,,,,,
https://cellphones.com.vn/loa-bluetooth-tronsmart-groove-2.html,Loa Bluetooth Tronsmart Groove 2,Tronsmart,Liên hệ,LA.258,"Mua Loa Bluetooth Tronsmart Groove 2 nhỏ gọn, chất âm tốt - Giá rẻ, bảo hành uy tín, giao hàng toàn quốc. Mua Tronsmart Groove 2 tại đây.",,Chế độ EQ képGhép nối âm thanh nổi,10W,18 giờ,IPX7,Tronsmart,18 m,,2 thiết bị,Aux-in Thẻ nhớ Micro SD/TF,,,,,,,,
https://cellphones.com.vn/loa-bluetooth-havit-sk905bt.html,Loa Bluetooth Havit SK905BT,Havit,Liên hệ,loa-bluetooth-havit-sk905bt,"Mua Loa Havit SK905BT chính hãng - Giá tốt, bảo hành uy tín, giao hàng tận nơi toàn quốc. Mua ngay Havit SK905BT tại đây.",487g,,20W,Nghe nhạc: 25 giờĐàm thoại: 3 giờ,IP67,Havit,,160 x 71.5mm,2 loa,AUXTF,,Cuộc gọi rảnh tay,,,,,,
https://cellphones.com.vn/loa-bluetooth-jbl-flip-7.html,Loa Bluetooth JBL Flip 7,JBL,Liên hệ, loa-bluetooth-jbl-flip-7-5,"Loa bluetooth JBL Flip 7 chính hãng - Giá tốt, bảo hành PGI care uy tín. Ưu đãi trả góp, giảm giá đặc biệt cho HSSV - Giảng viên. Giao miễn phí.",18.25 x 6.95 x 7.15 cm,AI Sound Boost,Woofer: 25W RMSTweeter: 10W RMS,14 giờ,IP68,JBL,,0.56 kg,,USB-C,"Woofer: 45 x 80 mm, Tweeter: 16 mm",Auracast™,,,,,,
https://cellphones.com.vn/loa-bluetooth-havit-sk810bt.html,Loa Bluetooth Havit SK810BT,Havit,Liên hệ,loa-bluetooth-havit-sk810bt,"Mua Loa Bluetooth Havit SK810BT chính hãng - Giá tốt, bảo hành uy tín, giao hàng tận nơi toàn quốc. Mua ngay Loa Bluetooth Havit SK810BT tại đây.",,,7W x 2,8 giờ,IPX5,Havit,,,2,AUXTF CardUSB,,,,,,,,
https://cellphones.com.vn/loa-bluetooth-tronsmart-mirtune-h1.html,Loa Bluetooth Tronsmart Mirtune H1,Tronsmart,Liên hệ,loa-bluetooth-tronsmart-mirtune-h1,"Mua Loa Bluetooth Tronsmart Mirtune H1 chất lượng - Giá rẻ, bảo hành uy tín, giao hàng miễn phí toàn quốc. Mua Tronsmart Mirtune H1 tại đây.",291 gr,,Công suất đầu vào 5V/1A qua Cổng Type-C Đầu ra 8W,20 giờ,IPX7,Tronsmart,,81 x 138 x 46 mm,,,,,,,,,,
https://cellphones.com.vn/loa-bluetooth-stargo-boom-lite.html,Loa Bluetooth StarGO Boom Lite,StarGO,Liên hệ,loa-bluetooth-stargo-boom-lite,"Mua Loa Bluetooth StarGO Boom Lite chính hãng - Giá tốt, bảo hành uy tín, giao hàng toàn quốc. Mua ngay StarGO Boom Lite tại đây.",332g,,5W,3 giờ,,StarGO,,111 x 111 x 87 mm,,,Màng loa: 57mm,,,,,,,
https://cellphones.com.vn/loa-bluetooth-edifier-qs20.html,Loa Bluetooth Edifier QS20,Edifier,Liên hệ,loa-bluetooth-edifier-qs20,"Mua Loa Edifier QS20 chính hãng - Giá tốt, bảo hành uy tín, giao hàng tận nơi toàn quốc. Mua ngay Edifier QS20 tại đây.",327 g,Âm thanh nổiChế độ âm thanh tùy chỉnh,6 W,12 giờ,IP67,Edifier,,93 × 94.6 × 48 mm,,,Toàn dải: 43mmBộ tản nhiệt thụ động: 55mm,Công nghệ TempoAbyss,,,,,,
https://cellphones.com.vn/loa-bluetooth-divoom-tiivoo-2.html,Loa Bluetooth Divoom Tiivoo-2,Divoom,Liên hệ,loa-bluetooth-divoom-tiivoo-2,"Mua Loa Bluetooth Divoom Tiivoo-2 chính hãng - Giá tốt, bảo hành uy tín, giao hàng tận nơi toàn quốc. Mua ngay Divoom Tiivoo-2 tại đây.",288.6 g,,5 W,8 giờ,,Divoom,,73.92 x 74.1 x 96.62 mm,,,,,,,,,,
https://cellphones.com.vn/loa-bluetooth-apple-beats-pill.html,Loa Bluetooth Không Dây Apple Beats Pill 2024,Beats by Dr. Dre,Liên hệ,LB.231,"Mua Loa Beats Pill Speaker ML4P2ZA-A chính hãng - Giá rẻ, giảm thêm Smember, góp 0%. bảo hành uy tín, giao toàn quốc. Mua Beats Pill tại đây",,Lossless Audio,,24 giờ,IP67,Beats by Dr. Dre,10m,,,,,Sạc nhanh Fast FuelSạc ngượcChế độ Amplify Mode,,,,,,
https://cellphones.com.vn/loa-bluetooth-marshall-woburn-iii.html,Loa Bluetooth Marshall Woburn III,Marshall,Liên hệ,loa-bluetooth-marshall-woburn-iii,"Mua Loa Marshall Woburn 3 (III) chính hãng - Giá rẻ, chất lượng, bảo hành uy tín, giao hàng toàn quốc. Mua ngay Marshall Woburn 3 tại đây.",7.45 kg ,Âm thanh nổi  Hi-Res Audio,150 W,Cắm nguồn trực tiếp,,Marshall,,400 x 317 x 203 mm,,Cổng 3.5 mm  RCA  HDMI,Loa Woofer: 1 x 153 mm Loa Mid-range: 1 x 50 mm Loa Tweeter: 2 x 20 mm,Đèn LED báo tín hiệu pin,,,,,,
https://cellphones.com.vn/loa-xach-tay-karaoke-arirang-mb2cw.html,Loa Karaoke xách tay Arirang MB2cw,Arirang,Liên hệ,loa-xach-tay-karaoke-arirang-mb2cw,"Mua Loa Karaoke xách tay Arirang MB2cw chính hãng - Giá tốt, hỗ trợ trả góp, bảo hành uy tín, giao hàng toàn quốc. Mua ngay Arirang MB2cw tại đây.",11.3kg,Âm thanh kỹ thuật số DSP,RMS: 200WPMPO: 800W,"12.8V DC, 6000 mAh",,Arirang,,470 x 275 x 250 mm,,OPT: Vào âm thanh OpticalARC: Vào âm thanh HDMI ARCAUX: Vào âm thanh jack 3.5mmUSB: Kết nối USBLIVE: Ra âm thanh livestreamHEADPHONES: Ra âm thanh tai ngheGUITAR: Kết nối đàn GuitarMIC: Kết nối Micro có dây,Bass: 16.5 cm x2 Trung: 10cm Treble: 4cm,Tích hợp phát nhạc từ USBTính năng livestreamKết nối OTG,,,,,,
https://cellphones.com.vn/loa-bluetooth-stargo-flex-go.html,Loa Bluetooth StarGO Flex Go,StarGO,Liên hệ,loa-bluetooth-stargo-flex-go,"Mua Loa Bluetooth StarGO Flex Go chính hãng - Giá tốt, bảo hành uy tín, giao hàng toàn quốc. Mua ngay StarGO Flex Go tại đây.",402g,,5W x 2,3 giờ,,StarGO,,81 x 77 x 181 mm,,,Màng loa kép: 52 mm ,,,,,,,
https://cellphones.com.vn/loa-bluetooth-marshall-emberton-iii.html,Loa Bluetooth Marshall Emberton III,Marshall,Liên hệ,loa-bluetooth-marshall-emberton-iii,"Mua loa bluetooth Marshall emberton III chính hãng - Giá tốt, bảo hành uy tín, giao hàng miễn phí toàn quốc. Mua Marshall emberton III tại đây.",0.67 kg ,MarshallCông nghệ True Stereophonic,2 x 38W,32 giờ,IP67,Marshall,,160 x 68 x 76.9 mm,,,Hai bộ tản nhiệt thụ động toàn dải 1” 10W,Sạc nhanh,,,,,,
https://cellphones.com.vn/loa-sonos-roam-sl.html,Loa Bluetooth Sonos Roam SL,Hãng khác,Liên hệ,loa-sonos-roam-sl,"Mua Loa Sonos Roam SL chính hãng - Giá tốt, bảo hành uy tín, giao hàng tận nơi toàn quốc. Mua ngay Sonos Roam SL tại đây.",0.42kg,,,10 giờ,IP67,Hãng khác,,,,,,Kết nối Wi-Fi,,,,,,
https://cellphones.com.vn/loa-bluetooth-divoom-fairy-ok.html,Loa Bluetooth Divoom Fairy-Ok,Divoom,Liên hệ,loa-bluetooth-divoom-fairy-ok,"Mua Loa Bluetooth Divoom Fairy-Ok chính hãng - Giá tốt, bảo hành uy tín, giao hàng tận nơi toàn quốc. Mua ngay Divoom Fairy-Ok tại đây.",Loa: 480 g Micro: 32 g,,10W,Loa: 6 giờ Micro: 3 giờ,,Divoom,,Loa: 60 x 65 x 93 mm Micro: 43 x 43 x 110 mm,,,Kích thước loa: 45 mm,Hỗ trợ thẻ nhớ TF card và chức năng FM radio,,,,,,
https://cellphones.com.vn/loa-bluetooth-alpha-works-aw-w88.html,Loa Bluetooth Alpha Works AW-W88,Alpha Works,Liên hệ,loa-bluetooth-alpha-works-aw-w88,"Loa bluetooth Alpha Works W88 chính hãng - Giá tốt, bảo hành uy tín, giảm giá khi mua kèm điện thoại. Mua ngay Alpha Works AW-W88 nhận nhiều ưu đãi ngay.",3.07 kg,,45W (RMS)90W (Peak),34 giờ,Không,Alpha Works,,,2,AUX in 3.5mm,Loa treble dome 2.6 inchLoa bass 4 inchAir Duct Design,,,,,,,
https://cellphones.com.vn/loa-bluetooth-tronsmart-mirtune-c3-plus.html,Loa Bluetooth Tronsmart Mirtune C3 Plus,Tronsmart,Liên hệ,loa-bluetooth-tronsmart-mirtune-c3-plus,"Mua Loa Bluetooth Tronsmart Mirtune C3 Plus chính hãng - Giá tốt, bảo hành uy tín, giao hàng tận nơi toàn quốc. Mua ngay Tronsmart Mirtune C3 Plus tại đây.",684g,Âm thanh nổiTùy chỉnh EQ qua ứng dụng Tronsmart,30W,18 giờ,IPX7,Tronsmart,, 210 x 80 x 85mm,2,Type-C,1*Tweeter + 1*Mid-woofer	,,,,,,,
https://cellphones.com.vn/loa-bluetooth-marshall-stockwell-2.html,Loa Bluetooth Marshall Stockwell 2,Marshall,Liên hệ,LB.149,"Loa bluetooth Marshall Stockwell 2  chính hãng, giá ưu đãi, bảo hành 6 tháng, miễn phí giao hàng tận nơi cùng nhiều khuyến mãi hấp dẫn",1.38kg,Âm thanh đa hướngÂm thanh nổi,20W,20 giờ,IPX4,Marshall,,180 x 161 x 70 mm,,3.5 mm,,,,,,,,
https://cellphones.com.vn/loa-bluetooth-jbl-go-essential-2.html,Loa Bluetooth JBL Go Essential 2,JBL,Liên hệ,loa-bluetooth-jbl-go-essential-2,"Mua loa JBL Go Essential 2 chính hãng - Giá tốt, bảo hành uy tín, giao hàng tận nơi toàn quốc. Mua ngay JBL Go Essential 2 tại đây.",180g,JBL Rich Original Pro Sound,3.1W,5 giờ,,JBL,,86 x 71.2 x 31.6 mm,,,,,,,,,,
https://cellphones.com.vn/loa-bluetooth-sony-ult-field-7.html,Loa Karaoke Sony ULT Field 7,Sony,Liên hệ,loa-bluetooth-sony-ult-field-7,"Mua Loa bluetooth Sony ULT Field 7 chính hãng, giá rẻ - Trả góp 0%, bảo hành uy tín, giao toàn quốc. Mua ngay Sony ULT Field SRS-ULT70 tại đây.",,ULT POWER SOUND,Hãng không công bố,30 giờ,IP67,Sony,,,,"Giắc cắm mini âm thanh nổi (VÀO), USB A, Ngõ vào Ghi-ta/MICRO: 1 (φ6,3 mm)",Loa tweeter: Xấp xỉ 46 mmLoa woofer: Xấp xỉ  114 mm,Party ConnectStereo Pair,,,,,,
https://cellphones.com.vn/loa-bluetooth-sony-srs-xv900.html,Loa Karaoke Sony SRS-XV900,Sony,Liên hệ,loa-bluetooth-sony-srs-xv900,"Mua Loa Karaoke Sony SRS-XV900 chính hãng - Giá rẻ, ưu đãi tốt, âm chất lượng, giao hàng nhanh toàn quốc. Mua Sony SRS-XV900 tại đây.",26.6 kg,"Clear Audio+, LIVE SOUND, MEGA BASS, Sound Booster cho TV",900W,25 giờ,,Sony,,,50,,Loa Tweeter trước 50mmLoa Tweeter hông 40mmLoa Tweeter sau 40mmLoa trung tần 120mmLoa Woofer 320 x 320 mm,"Hiệu ứng ánh sáng: đèn loa, đèn cho buổi tiệcFM",,,,,,
https://cellphones.com.vn/loa-bluetooth-xiaomi-speaker.html,Loa Bluetooth Xiaomi Speaker,Xiaomi,Liên hệ,loa-bluetooth-xiaomi-speaker,"Mua Loa Bluetooth Xiaomi Speaker chính hãng - Giá tốt, ưu đãi hấp dẫn, bảo hành uy tín, giao hàng miễn phí toàn quốc. Mua Loa Bluetooth Xiaomi Speaker tại đây.",660 g,, 2 x Loa dải cao 10W  Loa trầm 20W,17 giờ,IP67,Xiaomi,,"20,2 cm x 7,3 cm x 7,3 cm",,Hỗ trợ kết nối NFC mang đến trải nghiệm nghe nhạc liền mạch,,,"Hỗ trợ các tiện ích bổ sung trên ứng dụng Mi Home/Xiaomi Home giúp điều chỉnh hiệu ứng ánh sáng và âm thanh, cũng như thực hiện nâng cấp OTA",,,,,
https://cellphones.com.vn/loa-bluetooth-marshall-middleton.html,Loa Bluetooth Marshall Middleton,Marshall,Liên hệ,loa-bluetooth-marshall-middleton,"Mua Loa bluetooth Marshall Middleton chính hãng - Giá rẻ, trả góp 0%, bảo hành uy tín, giao hàng toàn quốc. Mua Middleton tại đây.",1.8 kg ,True Stereophonic  Hi-Res Audio,60 W,20 giờ,IP67,Marshall,,109 x 230 x 95 mm,,3.5 mm,,Đèn LED báo tín hiệu pinSạc nhanh,,,,,,
https://cellphones.com.vn/loa-bluetooth-sony-ult-field-5.html,Loa Bluetooth Sony ULT Field 5,Sony,Liên hệ,loa-bluetooth-sony-ult-field-5,"Loa di động không dây Sony ULT Field 5 chính hãng, dùng bền, bảo hành uy tín, có góp 0%. Mua loa Sony ULT Field 5 giao tận nơi toàn quốc.",3.3 kg,ULT POWER SOUND 2,,25 giờ,IP67,Sony,,320 x 125 x 144 mm,,,Loa tweeter: Xấp xỉ φ46 mmLoa woofer: Xấp xỉ 79 x 107 mm,Khử tiếng vọng khi đàm thoạiTối ưu hoá trường âm thanhStereo PairParty Connect,,,,,,
https://cellphones.com.vn/loa-thanh-soundbar-robot-rb590-10w.html,Loa thanh soundbar Robot RB590 10W,Robot,Liên hệ,loa-thanh-soundbar-robot-rb590-10w,"Mua Loa Robot RB590 10W chính hãng - Giá tốt, bảo hành uy tín, giao hàng tận nơi toàn quốc. Mua ngay Robot RB590 10W tại đây.",,,10W,5 giờ,,Robot,,,,Thẻ TF AUX,,"4 chế độ phát lại bài hát (Bluetooth, Thẻ TF, Flashdisk, Aux)",Tần số 40Hz ～ 18KHz,1200mAH,,,,
https://cellphones.com.vn/loa-bluetooth-marshall-kilburn-iii.html,Loa Bluetooth Marshall Kilburn III,Marshall,Liên hệ,loa-bluetooth-marshall-kilburn-iii,"Loa Marshall Kilburn III giá tốt, dùng bền. Trả góp 0%. Bảo hành 1 năm, tặng thêm 6 tháng bảo hành. Mua loa bluetooth Marshall Kilburn III giao 2h.",2.8 kg,Âm thanh 360° Dynamic loudness,,50 giờ,IP54,Marshall,, 273 × 150 × 169 mm,,3.5 mm,Loa trầm (x1): 4 inchLoa toàn dải (x2): 2 inch,Tích hợp pin sạc dự phòng,,,,,,
https://cellphones.com.vn/loa-bluetooth-bose-soundlink-max.html,Loa Bluetooth Bose SoundLink Max,Bose,Liên hệ,loa-bluetooth-bose-soundlink-max,"Mua Loa Bose SoundLink Max chính hãng - Giá rẻ, trả góp 0%, Giảm Smember, bảo hành uy tín, giao toàn quốc. Mua ngay Bose SoundLink Max tại đây.",,Âm thanh Stereo,,20 giờ,IP67,Bose,,,Kết nối 2 loa với công nghệ SimpleSync ,,,,,,,,,
https://cellphones.com.vn/loa-bluetooth-soul-storm-mini.html,Loa Bluetooth Soul Storm Mini,SOUL,Liên hệ,loa-bluetooth-soul-storm-mini,"Mua loa Soul Storm Mini chính hãng - Giá tốt, bảo hành uy tín, giao hàng tận nơi toàn quốc. Mua ngay Soul Storm Mini tại đây.",,,5W,5 giờ,IPX6,SOUL,10m,,,,,Kết nối nhiều thiết bị cùng lúc  Công nghệ Floatable Device,,,,,,
https://cellphones.com.vn/loa-bluetooth-jbl-partybox-ultimate.html,Loa Bluetooth JBL PartyBox Ultimate,JBL,Liên hệ,loa-bluetooth-jbl-partybox-ultimate,"Mua Loa JBL PartyBox Ultimate chính hãng - Giá tốt, ưu đãi hấp dẫn, bảo hành uy tín, giao hàng toàn quốc. Mua JBL PartyBox Ultimate tại đây.",39.5 kg,JBL Original Pro ,1100W,,IPX4,JBL,,455 x 1049 x 440 mm,,,Loa siêu trầm 2 x 242 mm Loa tầm trung 2 x 120 mm Loa tweeter 2 x 74 mm ,Kết nối với guitar + micro,,,,,,
https://cellphones.com.vn/loa-tronsmart-t8-mini-15w-portable-outdoor.html,Loa Bluetooth Tronsmart T8 Mini 15W Portable Outdoor,Tronsmart,Liên hệ,loa-tronsmart-t8-mini-15w-portable-outdoor,"Mua Loa Tronsmart T8 Mini 15W Portable Outdoor chính hãng - Giá tốt, bảo hành uy tín, giao hàng tận nơi toàn quốc. Mua ngay Tronsmart T8 Mini 15W Portable Outdoor tại đây.",,Âm thanh 360,15W,20 giờ,IPX7,Tronsmart,,,2,,,Đèn LED,,,,,,
https://cellphones.com.vn/loa-bluetooth-stargo-p10.html,Loa Bluetooth StarGO P10,StarGO,Liên hệ,loa-bluetooth-stargo-p10,"Mua Loa Bluetooth StarGO P10 chính hãng - Giá tốt, bảo hành uy tín, giao hàng toàn quốc. Mua ngay StarGO P10 tại đây.",,,5W,7 giờ,,StarGO,20 m,,,,52 mm,Thiết kế giá đỡ điện thoại,,,,,,
https://cellphones.com.vn/loa-jbl-authentics-300.html,Loa Bluetooth JBL Authentics 300,JBL,Liên hệ,loa-jbl-authentics-300,"Mua Loa JBL Authentics 300 chính hãng - Giá rẻ 06/2026, ưu đãi khủng, bảo hành 12 tháng, giao toàn quốc. Mua ngay JBL Authentics 300 tại đây.",4.9 kg ,,100W,8 giờ,,JBL,,342 x 195.6 x 180.3 mm,,Cổng 3.5mm,2x tweeter 25mm + loa woofer 5.25,Trợ lý giọng nóiTích hợp WiFi,,,,,,
https://cellphones.com.vn/loa-bluetooth-robot-rb525.html,Loa Bluetooth Robot RB525,Robot,Liên hệ,loa-bluetooth-robot-rb525,"Mua Loa Robot RB525 chính hãng - Giá rẻ, hỗ trợ trả góp, bảo hành uy tín, giao hàng tận nơi toàn quốc. Mua ngay Robot RB525 tại đây.",,,10 W,8 giờ,IPX4,Robot,,200 x 72 x 72 mm,2 loa RB525,,,Đèn LED RGB đẹp mắt,,,,,,
https://cellphones.com.vn/loa-bluetooth-tribit-stormbox-mini-portable-speaker.html,Loa Bluetooth Tribit StormBox Mini Portable Speaker,Tribit,Liên hệ,loa-bluetooth-tribit-stormbox-mini-portable-speaker,"Mua Loa Bluetooth Tribit StormBox Mini Portable Speaker chính hãng - Giá tốt, bảo hành uy tín, giao hàng tận nơi toàn quốc. Mua ngay Tribit StormBox Mini Portable Speaker tại đây.",707.6 g,Công nghệ xử lý kỹ thuật số (DSP),2 x 6 W,12 giờ (ở mức âm lượng 60% và tắt đèn),IPX7,Tribit,,119 x 91 x 91 mm,,AUX,2 loa toàn dải cao cấp 48mm,Hiệu ứng ánh sáng LED,,,,,,
https://cellphones.com.vn/loa-karaoke-acnos-flac-39.html,Loa karaoke xách tay Acnos Flac 39,Acnos,Liên hệ,loa-karaoke-acnos-flac-39,"Mua Loa Acnos Flac 39 chính hãng - Giá tốt, bảo hành uy tín, giao hàng tận nơi toàn quốc. Mua ngay Acnos Flac 39 tại đây.",22.6 kg,,500 W (RMS),,,Acnos,,500 x 346 x 298mm,,"MP3 USB (type A) OTG (USB-C)  HDMI ARC (IN)  OPTICAL (IN)  MIC, GUITAR (jack 6.35mm)  AUX IN (jack 3.5mm)  SUB OUT (jack 3.5mm)","Loa SUB 25cm, 2 loa TRUNG 10cm, 2 loa Super TWEETER",Mic Wireless Stereo (MWS) Wireless Microphone,,,,,,
https://cellphones.com.vn/loa-bluetooth-jbl-charge-5.html,Loa Bluetooth JBL Charge 5,JBL,Liên hệ,LB.204,"Mua Loa bluetooth JBL Charge 5 chính hãng - Giá tốt, bảo hành uy tín, giao hàng tận nơi toàn quốc. Mua ngay JBL Charge 5 tại đây.",0.96 kg,JBL Original Pro Sound,40 W,20 giờ ,IP67,JBL,,Ngang 21 cm - Sâu 9.7 cm - Cao 9.7 cm,2 loa,,,Sạc cho thiết bị khác qua cổng USB ,,,,,,
https://cellphones.com.vn/loa-bluetooth-edifier-r1080bt.html,Loa Bluetooth Edifier R1080BT,Edifier,Liên hệ, L.ED.02,"Mua Loa Bluetooth Edifier 1080BT chính hãng - Giá tốt, bảo hành uy tín, giao hàng miễn phí toàn quốc. Mua ngay Edifier R1080BT tại đây.",,,24 W,,,Edifier,,,,"3.5 mm, AUX",,,,,,,,
https://cellphones.com.vn/loa-bluetooth-divoom-spark-pop.html,Loa Bluetooth Divoom - Spark-Pop,Divoom,Liên hệ,loa-bluetooth-divoom-spark-pop,"Mua Loa Bluetooth Divoom - Spark-Pop chính hãng - Giá tốt, bảo hành uy tín, giao hàng tận nơi toàn quốc. Mua ngay Divoom - Spark-Pop tại đây.",190 g,,5 W,5 giờ,,Divoom,,68.8 x 41.5 x 81.4 mm,,,,,,,,,,
https://cellphones.com.vn/loa-bluetooth-alpha-works-aw-ikon-20.html,Loa Bluetooth Alpha Works AW-IKON 20,Alpha Works,Liên hệ,loa-bluetooth-alpha-works-aw-ikon-20,"Mua Loa Alpha Works AW-IKON 20 chính hãng - Giá rẻ, trả góp tốt, bảo hành uy tín, giao hàng nhanh toàn quốc. Mua Alpha Works AW-IKON 20 tại đây.",3.07 kg,,60W RMS / 120W Peak,9 giờ (âm lượng 50% + tắt đèn),IPX5,Alpha Works,,386 × 197 × 152 mm,,AUXUSB,2 × loa Woofer 3 inch 2 × loa Mid-Tweeter 1.5 inch,TWS Đèn LED RGB,,,,,,
https://cellphones.com.vn/loa-bluetooth-jbl-partybox-encore-2.html,Loa Bluetooth JBL Partybox Encore 2 (Kèm 2 micro),JBL,Liên hệ,loa-bluetooth-jbl-partybox-encore-2,"Loa JBL Partybox Encore 2 (Kèm 2 micro) chính hãng - Giá tốt, bảo hành uy tín, giao hàngtoàn quốc. Mua ngay JBL Partybox Encore 2 nhận nhiều ưu đãi tại đây.",6.4 kg,AI Sound Boost,100W RMS,15 giờ,,JBL,,31.95 x 33.86 x 26.3 cm,,Cổng Aux-In: 370 mV RMS (cổng kết nối 3.5mm)Cổng Mic-In: 20 mV RMSCổng Guitar-In: 100 mV RMSCổng Bluetooth/USB: -9dBFS,"1x Loa woofer 5.25 inch (135mm), 2x loa Dome tweeter 0.75 inch (20mm)",,,,,,,
https://cellphones.com.vn/loa-arirang-mk6-max.html,Loa Arirang MK6 MAX,Arirang,Liên hệ,loa-arirang-mk6-max,"Mua Loa Arirang MK6 MAX chính hãng - Giá tốt, hỗ trợ trả góp, bảo hành uy tín, giao hàng toàn quốc. Mua ngay Arirang MK6 MAX tại đây.",31.5kg,Âm thanh kỹ thuật số DSP,RMS: 400WPMPO: 1600W,"12V, 12Ah",,Arirang,,430 x 430 (490) x 870,," OPT: Cổng vào âm thanh kỹ thuật số Optical. USB: Cổng kết nối USB. TF:Cổng kết nối thẻ nhớ MicroSD. IN R,L: Cổng vào âm thanh jack RCA. OUT R,L: Cổng ra âm thanh jack RCA. GUITAR: Cổng kết nối đàn Guitar. MIC: Cổng  kết nối Micro "," Hệ thống 3 loa, 3 đường tiếng: 1 Loa Bass 40cm, 1 Loa Trung 14cm, 1 Loa Treble từ neo  6cm.","Phát nhạc lưu trữ trong USB, thẻ nhớ MicroSD",,,,,,
https://cellphones.com.vn/loa-bluetooth-tronsmart-splash-1-15w-50298.html,Loa Bluetooth Tronsmart Splash 1 15W,Tronsmart,Liên hệ,LA.260,"Mua Loa Bluetooth Tronsmart Splash 1 15W chính hãng - Giá tốt, bảo hành uy tín, giao hàng tận nơi toàn quốc. Mua ngay Tronsmart Splash 1 15W tại đây.",,,,,,Tronsmart,,,,,,,,,,,,
https://cellphones.com.vn/loa-bluetooth-stargo-go-mini.html,Loa Bluetooth StarGO Go Mini,StarGO,Liên hệ,loa-bluetooth-stargo-go-mini,"Mua Loa Bluetooth StarGO Go Mini chính hãng - Giá tốt, bảo hành uy tín, giao hàng toàn quốc. Mua ngay StarGO Go Mini tại đây.",220 g,,5W,2 - 3 giờ,,StarGO,,99.6 x 43.8 x 76.6 mm,,,Màng loa: 45 mm,,,,,,,
https://cellphones.com.vn/loa-bluetooth-bose-soundlink-micro-2.html,Loa Bluetooth Bose Soundlink Micro 2,Bose,Liên hệ,loa-bluetooth-bose-soundlink-micro-2,"Loa Bluetooth Bose Soundlink Micro 2 chính hãng, giá bao tốt, bảo hành uy tín, trả góp 0%. Mua loa mini Bose Soundlink Micro 2 giao ngay.",330g,Stereo/Party Mode (ghép nối 2 loa) Bose SimpleSync,,12 giờ,IP67,Bose,,10.4 x 4.3 x 10.4 cm,2,,,,,,,,,
https://cellphones.com.vn/loa-alpha-works-aw-w39.html,Loa Bluetooth Alpha Works AW-W39,Alpha Works,Liên hệ,loa-alpha-works-aw-w39,"Mua Loa Alpha Works W39 chính hãng - Giá rẻ, trả góp tốt, bảo hành uy tín, giao hàng nhanh toàn quốc. Mua Alpha Works AW-W39 tại đây.",760 g,,35W,4400 mAh,IPX4,Alpha Works,,162 x 84 x 88 mm,,Cổng AUX,1 loa trầm 1.9 x 3.5 inch 1 loa tweeter vòm 20 lõi 1 màng cộng hưởng thụ động 5.1 x 2.2 inch,,,,,,,
https://cellphones.com.vn/loa-bluetooth-harman-kardon-onyx-studio-10.html,Loa Bluetooth Harman Kardon Onyx Studio 10,Harman Kardon,Liên hệ,loa-bluetooth-harman-kardon-onyx-studio-10,"Mua loa Harman Kardon Onyx Studio 10 chính hãng - Giá tốt, bảo hành uy tín, giao hàng tận nơi toàn quốc. Mua ngay Harman Kardon Onyx Studio 10 tại đây.",,,,,,Harman Kardon,,,,,,,,,,,,
https://cellphones.com.vn/loa-bluetooth-sony-ult-field-3.html,Loa Bluetooth Sony ULT Field 3,Sony,Liên hệ,loa-bluetooth-sony-ult-field-3,"Mua Loa Bluetooth Sony ULT Field 3 chính hãng - Giá tốt, bảo hành uy tín, giao hàng tận nơi toàn quốc. Mua ngay Sony ULT Field 3 tại đây.",1.2 kg,ULT POWER SOUND,,24 giờ,IP66 / IP67,Sony,,25.6 x 7.9 x 11.3 cm,,USB-C,Loa tweeter: Xấp xỉ φ20 mmLoa woofer: Xấp xỉ 86 x 46 mm,Khử tiếng vọng khi đàm thoạiTối ưu hoá trường âm thanhStereo PairKết nối nhiều loa bằng Party Connect,,,,,,
https://cellphones.com.vn/loa-karaoke-acnos-chill.html,Loa Karaoke xách tay ACNOS Chill,Acnos,Liên hệ,loa-karaoke-acnos-chill,"Mua Loa Karaoke xách tay ACNOS Chill chính hãng - Giá tốt, bảo hành uy tín, giao hàng tận nơi toàn quốc. Mua ngay ACNOS Chill tại đây.",6.9 kg,DOUBLE THE DOUBLE 2x2 ,120 W (RMS),,,Acnos,,,,"OTG/LIVE (USB-C), OPTICAL (IN), USB (jack type A), LINE IN - LINE OUT (jack 3.5mm), MICRO - GUITAR (jack 6.35mm)",,Nâng tiếng ENHANCERChống hú di tần,,,,,,
https://cellphones.com.vn/loa-bluetooth-stargo-luna-mini.html,Loa Bluetooth StarGO Luna Mini,StarGO,Liên hệ,loa-bluetooth-stargo-luna-mini,"Mua Loa Bluetooth StarGO Luna Mini chính hãng - Giá tốt, bảo hành uy tín, giao hàng toàn quốc. Mua ngay StarGO Luna Mini tại đây.",476g,,10 W,3 giờ,,StarGO,,90.9 x 90.9 x 128.5 mm,,,Màng loa: 57 mm,,,,,,,
https://cellphones.com.vn/loa-bluetooth-edifier-qd25.html,Loa Bluetooth Edifier QD25,Edifier,Liên hệ,loa-bluetooth-edifier-qd25,"Mua Loa Edifier QD25 chính hãng - Giá tốt, bảo hành uy tín, giao hàng tận nơi toàn quốc. Mua ngay Edifier QD25 tại đây.",1.02 kg,Hi-Res AudioTinh chỉnh EQ,15W (Mid-bass) + 10W (Treble),15 giờ,,Edifier,,183.8 × 108.1 × 94.97 mm,2,,Mid-bass: Màng loa giấy 2.5&quot; với nam châm neodymium Treble: Loa tweeter vòm lụa 0.75&quot; với nam châm neodymium Passive radiator: 115mm × 47mm,Hiệu ứng ánh sáng,,,,,,
https://cellphones.com.vn/loa-bluetooth-karaoke-robot-rb90-100w-kem-2-micro.html,Loa Bluetooth Karaoke Robot RB90 100W (Kèm 2 micro),Robot,Liên hệ,loa-bluetooth-karaoke-robot-rb90-100w-kem-2-micro,"Mua Loa Robot RB90 100W (Kèm 2 micro) chính hãng - Giá tốt, bảo hành uy tín, giao hàng tận nơi toàn quốc. Mua ngay Robot RB90 100W (Kèm 2 micro) tại đây.",,Chip DSP tối ưu bài hát Bàn mixer điều chỉnh không dây,100 W,24 giờ (mức âm lượng 50%),IPX6,Robot,,,,Thẻ TFAUXUSB,Có đèn LED RGB ,Kết nối 2 loa với nhau,,,,,,
https://cellphones.com.vn/loa-anker-soundcore-boom-go-3i.html,Loa Bluetooth Anker Soundcore Boom Go 3i,Anker,Liên hệ,loa-anker-soundcore-boom-go-3i,"Mua Loa Bluetooth Anker Soundcore Boom Go 3i chính hãng - Giá tốt, bảo hành uy tín, giao hàng tận nơi toàn quốc. Mua ngay Anker Soundcore Boom Go 3i tại đây.",370g,,15W,Chế độ bình thường: 24 giờChế độ Eco Mode: 40 giờ,IP68,Anker,,,2 loa (chế độ TWS),,,Màn hình LED hiển thị rõ ràngSạc dự phòng khẩn cấpĐèn RGB rực rỡ,,4800mAh,,,,
https://cellphones.com.vn/loa-kef-coda-w.html,Loa không dây KEF Coda W,KEF,Liên hệ,loa kef-coda-w,"Mua Loa không dây KEF Coda W chính hãng - Giá tốt, bảo hành uy tín, giao hàng tận nơi toàn quốc. Mua ngay KEF Coda W tại đây.",11.3 kg,Âm thanh Hi-Fi,LF: 70WHF: 30W,,,KEF,,285 x 168 x 268 mm,,"Ngõ ra RCA cho loa siêu trầm , USB Type C (giữa các loa) , USB Type C (5V DC)",,,,,,,,
https://cellphones.com.vn/loa-bluetooth-marshall-acton-iii.html,Loa Bluetooth Marshall Acton III,Marshall,Liên hệ,loa-bluetooth-marshall-acton-iii,"Mua Loa Marshall Acton 3 (III) chính hãng - Giá rẻ, hỗ trợ trả góp, bảo hành uy tín, giao hàng toàn quốc. Mua ngay Marshall Acton 3 tại đây.",2.85 kg ,Hi-Res Audio  Stereo,60 W,Cắm nguồn trực tiếp,,Marshall,,260 x 170 x 150 mm,,AUX,,Tinh chỉnh âm thanh,,,,,,
https://cellphones.com.vn/loa-karaoke-xach-tay-acnos-flac-36s.html,Loa karaoke xách tay Acnos Flac 36S,Acnos,Liên hệ,loa-karaoke-xach-tay-acnos-flac-36s,"Mua Loa Acnos Flac 36S chính hãng - Giá tốt, bảo hành uy tín, giao hàng tận nơi toàn quốc. Mua ngay Acnos Flac 36S tại đây.",17.2 kg,,200 W (RMS),,,Acnos,,500 x 270 x 280 mm,,"MP3 USB (type A)  OTG (USB-C)  HD ARC (IN)  OPTICAL (IN)  MIC, GUITAR (jack 6.35mm)  AUX IN (jack 3.5mm)  SUB OUT (jack 3.5mm)",Loa SUB 20CM (8&quot;)  2-loa TRUNG 10CM (4&quot;)   2-loa Neo TWEETER (TREBLE),Mic Wireless Stereo (MWS) Wireless Microphone,,,,,,
https://cellphones.com.vn/loa-bluetooth-tronsmart-t6-mini-upgraded-portable.html,Loa Bluetooth Tronsmart T6 Mini Upgraded Portable,Tronsmart,Liên hệ,loa-bluetooth-tronsmart-t6-mini-upgraded-portable,"Mua Loa Tronsmart T6 Mini Upgraded Portables chính hãng - Giá tốt, bảo hành uy tín, giao hàng toàn quốc. Mua loa Tronsmart T6 Mini Upgraded Portable tại đây.",,Âm thanh Stereo ,15 W,24 giờ,IPX6,Tronsmart,30 m,,,Thẻ Micro SD/TF Aux-in không dây,,Ghép nối âm thanh nổi 360°,,,,,,
https://cellphones.com.vn/loa-bluetooth-bose-soundlink-home.html,Loa Bluetooth Bose SoundLink Home,Bose,Liên hệ,loa-bluetooth-bose-soundlink-home,"Loa Bose SoundLink Home bluetooth chính hãng giá tốt, có trả góp 0%. Bảo hành uy tín. Mua loa di động Bose SoundLink Home giao hàng nhanh 2h",928.05 g,Âm thanh Stereo,,9 giờ,,Bose,,,,,,,,,,,,
https://cellphones.com.vn/loa-anker-soundcore-motion-x500-a3131.html,Loa Bluetooth Anker Soundcore Motion X500 - A3131,Anker,Liên hệ,loa-anker-soundcore-motion-x500-a3131,"Mua Loa Anker Soundcore Motion X500 - A3131 chính hãng - Giá tốt, bảo hành uy tín, giao hàng tận nơi toàn quốc. Mua ngay Anker Soundcore Motion X500 - A3131 tại đây.",,Hi-Res Audio,40W,12 giờ,IPX7 ,Anker,,,,,,Kết nối kép,,,,,,
https://cellphones.com.vn/loa-bluetooth-fender-monterey-tweed.html,Loa Bluetooth Fender Monterey Tweed,Fender,Liên hệ,loa-bluetooth-fender-monterey-tweed,"Mua Loa Fender Monterey Tweed chính hãng - Giá tốt, bảo hành uy tín, giao hàng tận nơi toàn quốc. Mua ngay Fender Monterey Tweed tại đây.",6.8 kg,,120W,,,Fender,,24.76 x 13.2 x 34.3 cm,,3.5 mmRCA,2 loa trầm: 13cm 2 loa tweeters: 2.54cm,Kết nối stereoKết nối nhiều thiết bịTinh chỉnh EQ,,,,,,
https://cellphones.com.vn/loa-bluetooth-alpha-works-aw-ikon-10.html,Loa Bluetooth Alpha Works AW-IKON 10,Alpha Works,Liên hệ,loa-bluetooth-alpha-works-aw-ikon-10,"Mua Loa Alpha Works AW-IKON 10 chính hãng - Giá rẻ, trả góp tốt, bảo hành uy tín, giao hàng nhanh toàn quốc. Mua Alpha Works AW-IKON 10 tại đây.",920 g,,"10W RMS, 20W Peak (ở 3Ω)",7 giờ (50% âm lượng + tắt đèn),IPX5,Alpha Works,,242 x 92 x 92 mm,,AUX  USB,2 x 2-inch Loa toàn dải,TWSĐèn LED RGB,,,,,,
https://cellphones.com.vn/loa-bluetooth-tronsmart-t7-lite-portable-outdoor.html,Loa Bluetooth Tronsmart T7 Lite 24W Portable Outdoor,Tronsmart,Liên hệ,loa-bluetooth-tronsmart-t7-lite-portable-outdoor,"Mua Loa Tronsmart T7 Lite 24W chính hãng - Giá tốt, nhiều ưu đãi Smember, bảo hành uy tín, giao toàn quốc. Mua ngay Tronsmart T7 Lite tại đây.",,,24 W,24 giờ,IPX7,Tronsmart,15 m,,2 loa,,,Đèn LED RGB,,,,,,
https://cellphones.com.vn/loa-bluetooth-divoom-ditoo-pro.html,Loa Bluetooth Divoom DiToo Pro,Divoom,Liên hệ,loa-bluetooth-divoom-ditoopro,"Mua Loa Bluetooth Divoom DiToo Pro chính hãng - Giá tốt, bảo hành uy tín, giao hàng tận nơi toàn quốc. Mua ngay Divoom DiToo Pro tại đây.",533 g,,15 W,8 giờ,,Divoom,,114.2 x 90 x 121.2 mm,,,Driver size: 48mm ,Màn hình LED,,,,,,
https://cellphones.com.vn/loa-bluetooth-edifier-es300.html,Loa Bluetooth Edifier ES300,Edifier,Liên hệ,loa-bluetooth-edifier-es300,"Mua loa Edifier ES300 chính hãng - Giá tốt, Giảm thêm Smember, bảo hành 12 tháng, giao hàng nhanh toàn quốc. Mua ngay ES300 tại đây.",4.67kg, Hi-Res Audio   Hi-Res Audio WirelessCông nghệ MazeTube Bass Reflex,60W,12 giờ,,Edifier,,277 x 165 x 165 mm,2,,Mid-bass: 116mm +Tweeter: 33mm x 2,Hỗ trợ Apple Airplay 2Chế độ WiFi dành cho thiết bị iOS,,,,,,
https://cellphones.com.vn/loa-bluetooth-divoom-itour-s.html,Loa Bluetooth Divoom Itour-S,Divoom,Liên hệ,loa-bluetooth-divoom-itour-s,"Mua Loa Bluetooth Divoom Itour-S chính hãng - Giá tốt, bảo hành uy tín, giao hàng tận nơi toàn quốc. Mua ngay Divoom Itour-S tại đây",110g,,4.2W,7 giờ,Chống bụi và kháng nước ,Divoom,,4.76 x 4.05 x 7.77 cm,,,,,,,,,,
https://cellphones.com.vn/loa-thanh-soundbar-vivan-s2-10w.html,Loa thanh Vivan S2 10W,Vivan,Liên hệ,loa-thanh-soundbar-vivan-s2-10w,"Mua Loa Vivan S2 10W chính hãng - Giá tốt, ưu đãi hấp dẫn, bảo hành uy tín, giao hàng miễn phí toàn quốc. Mua Vivan S2 10W tại đây.",,Âm thanh 360 độCông nghệ TWS,10W,3 giờ,,Vivan,,,,Thẻ nhớAUXUSB,3 Driver với cấu hình 3 đường tiếng,LED RGB với 16.8 triệu màu,,,,,,
https://cellphones.com.vn/loa-bluetooth-edifier-qd35.html,Loa Bluetooth Edifier QD35,Edifier,Liên hệ,loa-bluetooth-edifier-qd35,"Mua Loa Edifier QD35 chính hãng - Giá tốt, nhiều ưu đãi thanh toán, bảo hành 1 năm, giao hàng toàn quốc. Mua ngay Edifier QD35 tại đây.",,Hi-Res Audio &amp; Hi-Res WirelessTinh chỉnh EQ,40 W,,,Edifier,,,,AUXUSB-A,,Sạc nhanh GaN 35 WHiển thị thời gian,,,,,,
https://cellphones.com.vn/loa-bluetooth-tronsmart-t2-mini-protable-outdoor.html,Loa Bluetooth Tronsmart T2 Mini 2023 Portable Outdoor Speaker,Tronsmart,Liên hệ,loa-bluetooth-tronsmart-t2-mini-protable-outdoor,"Mua Loa Tronsmart T2 Mini 2023 Portable Outdoor Speaker chính hãng - Giá tốt, bảo hành uy tín, giao hàng tận nơi toàn quốc. Mua ngay Tronsmart T2 Mini 2023 Portable Outdoor Speaker tại đây.",,Âm thanh nổi,10 W,18 giờ,IPX5,Tronsmart,18m,,,Aux-inMicro SD/TF CardU-Disk,,,,,,,,
https://cellphones.com.vn/loa-bluetooth-lg-stanbyme-xt7.html,Loa Bluetooth LG StanbyME XT7,LG,Liên hệ,loa-bluetooth-lg-stanbyme-xt7,"Mua Loa LG StanbyME XT7 chính hãng - Giá tốt, bảo hành uy tín, giao hàng tận nơi toàn quốc. Mua ngay LG StanbyME XT7 tại đây.",0.9979kg,,20W,16 giờ,IPX5,LG,,32.7 x 7.8 x 8.6 cm,,,Loa tweeter phía trước: 20mm x 2  Loa trầm loại rãnh (42x80mm) x 1,,,,Liti-Ion,,,
https://cellphones.com.vn/loa-bluetooth-havit-sk907bt.html,Loa Bluetooth Havit SK907BT,Havit,Liên hệ,loa-bluetooth-havit-sk907bt,"Mua Loa Bluetooth Havit SK907BT chính hãng - Giá tốt, bảo hành uy tín, giao hàng tận nơi toàn quốc. Mua ngay Loa Bluetooth Havit SK907BT tại đây.",,Stereo,30W,25 giờ,,Havit,,,,AUXTFUSB,,,,,,,,
https://cellphones.com.vn/loa-bluetooth-harman-kardon-onyx-studio-8.html,Loa Bluetooth Harman Kardon Onyx Studio 8,Harman Kardon,Liên hệ,loa-bluetooth-harman-kardon-onyx-studio-8,"Loa Bluetooth Harman Kardon Onyx Studio 8 giá rẻ, chất lượng tốt, ưu đãi nhiều. Bảo hành uy tín. Mua loa Onyx Studio 8 di động giao hàng toàn quốc.",,Harman Kardon Wireless Dual Sound,50 W,8 giờ,Không,Harman Kardon,,,,AUX 3.5 mm,,Chế độ tự cân chỉnh âm theo vị trí đặt và diện tích phòng,,,,,,
https://cellphones.com.vn/loa-bluetooth-robot-rb120s.html,Loa Bluetooth Robot RB120S,Robot,Liên hệ,loa-bluetooth-robot-rb120s,"Mua Loa Robot RB120S chính hãng - Giá rẻ, hỗ trợ trả góp, bảo hành uy tín, giao hàng tận nơi toàn quốc. Mua ngay Robot RB120S tại đây.",700g,,15 W,20 giờ,IPX7,Robot,,,,TF CardAUX,Loa trầm: 78mm,Đèn LED RGB ,,,,,,
https://cellphones.com.vn/loa-bluetooth-goojodoq-ab4086.html,Loa Bluetooth GOOJODOQ AB4086,Goojodoq,Liên hệ,loa-bluetooth-goojodoq-ab4086,"Mua Loa Bluetooth GOOJODOQ AB4086 chính hãng - Giá tốt, bảo hành uy tín, giao hàng tận nơi toàn quốc. Mua ngay GOOJODOQ AB4086 tại đây.",,,,2 - 5 giờ ,,Goojodoq,,,,,,Ghép nối TWS,,,,,,
https://cellphones.com.vn/loa-bluetooth-divoom-minitoo.html,Loa Bluetooh Divoom MiniToo,Divoom,Liên hệ,loa-bluetooth-divoom-minitoo,"Mua Loa Bluetooh Divoom MiniToo chính hãng - Giá tốt, bảo hành uy tín, giao hàng tận nơi toàn quốc. Mua ngay Divoom MiniToo tại đây.",201.8 g,,5W,6 giờ,,Divoom,,Kích thước màn hình: 1.77 inchLoa: 82.18 x 62 x 75.03 mm,,,,"Tích hợp nhiều tính năng hiện tiện ích: báo thức, trình phát nhạc, trợ lý giấc ngủ,....",,,,,,
https://cellphones.com.vn/loa-bluetooth-tronsmart-trip-2-10w.html,Loa Bluetooth Tronsmart Trip 2,Tronsmart,Liên hệ,loa-bluetooth-tronsmart-trip-2-10w,"Mua Loa Bluetooth Tronsmart Trip 2 chính hãng - Giá tốt, bảo hành uy tín, giao hàng tận nơi toàn quốc. Mua ngay Loa Bluetooth Tronsmart Trip 2 tại đây.", 0.341kg,Công nghệ SoundPulse®,10W,20 giờ,IPX7,Tronsmart,,180 x 80 x 41 mm,2,,,Trợ lý giọng nói công nghệ SoundPulse Hỗ trợ cuộc gọi rảnh tay qua micrô tích hợpTinh chỉnh âm thanh qua ứng dụng,,,,,,
https://cellphones.com.vn/loa-bluetooth-divoom-beetles-fm-ii.html,Loa Bluetooth Divoom Beetles-FM II,Divoom,Liên hệ,loa-bluetooth-divoom-beetles-fm-ii,"Mua Loa Bluetooth Divoom Beetles-FM II chính hãng - Giá tốt, bảo hành uy tín, giao hàng tận nơi toàn quốc. Mua ngay Divoom Beetles-FM II tại đây.",103 g,,4.5 W,10 giờ,,Divoom,,64 x 48 x 35 mm,,,,,,,,,,
https://cellphones.com.vn/loa-bluetooth-edifier-mp330.html,Loa Bluetooth Edifier MP330,Edifier,Liên hệ,loa-bluetooth-edifier-mp330,"Mua Loa Edifier MP330 chính hãng - Giá tốt, bảo hành uy tín, giao hàng tận nơi toàn quốc. Mua ngay Edifier MP330 tại đây.",1.13 kg,Hi-Res AudioÂm thanh 360°,11W (âm bổng) + 11W (âm bổng) + 18W (âm trung trầm),19 giờ,,Edifier,,207mm × 101mm × 116mm (Không bao gồm chiều cao tay cầm) 207mm × 143mm × 116mm (Đã bao gồm chiều cao tay cầm),2,USB-C Thẻ nhớ microSD (TF),Âm bổng: 0.75 inchÂm trung trầm: 53mm × 93mm Bộ tản nhiệt âm trầm thụ động: 47mm × 109mm,,,,,,,
https://cellphones.com.vn/loa-bluetooth-xiaomi-sound-outdoor.html,Loa Bluetooth Xiaomi Sound Outdoor,Xiaomi,Liên hệ,loa-bluetooth-xiaomi-sound-outdoor,"Mua Loa Bluetooth Xiaomi Sound Outdoor chính hãng - Giá tốt, bảo hành uy tín, giao hàng tận nơi toàn quốc. Mua ngay Xiaomi Sound Outdoor tại đây.",0.597 kg,True Wireless Stereo,30 W,12 giờ (với 50% âm lượng),IP67,Xiaomi,,196.6 × 68 × 66 mm,Tối đa 100 thiết bị,,,,,,,,,
https://cellphones.com.vn/loa-bluetooth-arirang-bta-1525.html,Loa Bluetooth Arirang BTA-1525,Arirang,Liên hệ,loa-bluetooth-arirang-bta-1525,"Mua Loa Arirang BTA-1525 chính hãng - Giá tốt, bảo hành uy tín, giao hàng tận nơi toàn quốc. Mua ngay Arirang BTA-1525 tại đây.",605 g,Công nghệ TWS,10 W,3 - 9 giờ,IPX5,Arirang,,90 x 90 x 124mm,, USB-AThẻ nhớ MicroSDAUX,,Tính năng tự động tắt nguồn sau 10 phút Chức năng Speakerphone,,,,,,
https://cellphones.com.vn/loa-bluetooth-havit-sk874bt.html,Loa Bluetooth Havit SK874BT,Havit,Liên hệ,loa-bluetooth-havit-sk874bt,"Mua Loa Havit SK874BT chính hãng - Giá tốt, bảo hành uy tín, giao hàng tận nơi toàn quốc. Mua ngay Havit SK874BT tại đây.",,,Công suất: 8 WCông suất đỉnh: 10 W,8 giờ,IPX5,Havit,,123 x 53 x 93 mm,,,,Cuộc gọi rảnh tay,,,,,,
https://cellphones.com.vn/loa-bluetooth-harman-kardon-soundsticks-5.html,Loa Harman Kardon SoundStick 5,Harman Kardon,Liên hệ,L.HM.02,"Loa bluetooth Harman Kardon SoundStick 5 chính hãng, thiết kế đẹp, chất âm hay. Bảo hành uy tín, trả góp 0%. Mua SoundStick 5 giao nhanh",Loa subwoofer: 3.7 kg  Loa vệ tinh (mỗi loa): 0.8 kg,Dolby Audio,190 W ,,,Harman Kardon,,Loa subwoofer: 237.5 x 283.4 x 237.5 mm  Loa vệ tinh (mỗi loa): 95.5 x 281.1 x 95.5 mm,,HDMI ARC,Màng loa: 6 x loa mid range 40 mm 2 x Loa tweeter 25 mm Loa subwoofer 5.25 inch,,,,,,,
https://cellphones.com.vn/loa-bluetooth-bose-soundlink-plus-portable-speaker.html,Loa Bluetooth Bose SoundLink Plus Portable Speaker,Bose,Liên hệ,loa-bluetooth-bose-soundlink-plus-portable-speaker,"Mua loa Bose SoundLink Plus Portable Speaker chính hãng - Giá tốt, bảo hành uy tín, giao hàng tận nơi toàn quốc. Mua ngay Bose SoundLink Plus Portable Speaker tại đây.",,Âm thanh StereoChế độ Party,,20 giờ,IP67,Bose,,,,,,,,,,,,
https://cellphones.com.vn/loa-jbl-bandbox-solo.html,Loa JBL BandBox Solo (Loa Amp tập nhạc nhỏ gọn tích hợp AI),JBL,Liên hệ,loa-jbl-bandbox-solo,"Mua loa JBL BandBox Solo chính hãng - Giá tốt, bảo hành uy tín, giao hàng tận nơi toàn quốc. Mua ngay JBL BandBox Solo tại đây.",Loa: 530g,,Công suất RMS 30 W ,6 giờ,,JBL,,15.0 x 8.7 x 5.5 cm (Rộng x Cao x Sâu),,,1 loa toàn dải 2.25 inch,Hỗ trợ AI,,,,,,
https://cellphones.com.vn/loa-bluetooth-xiaomi-speaker-mini.html,Loa Bluetooth Xiaomi Speaker Mini,Xiaomi,Liên hệ,loa-bluetooth-xiaomi-speaker-mini,"Mua Loa Xiaomi Speaker Mini chính hãng - Giá tốt, ưu đãi hấp dẫn, bảo hành uy tín, giao hàng miễn phí toàn quốc. Mua Xiaomi Speaker Mini tại đây.",,,2 x 3W,11 giờ,IP67,Xiaomi,,,,,,Kết nối NFCĐèn LED RGB,,,,,,
https://cellphones.com.vn/loa-bluetooth-soul-storm-joy.html,Loa Bluetooth Soul Storm Joy,SOUL,Liên hệ,loa-bluetooth-soul-storm-joy,"Mua loa bluetooth Soul Storm Joy chính hãng - Giá tốt, bảo hành 12 tháng, giao hàng nhanh toàn quốc. Mua ngay Soul Storm Joy tại đây.",,Bass BoostÂm thanh 3D Surround,5W,15 giờ,IPX6,SOUL,10m,,,,,Đèn RGB đẹp mắtKết nối multipoint,,,,,,
https://cellphones.com.vn/loa-bluetooth-harman-kardon-studio-9.html,Loa Bluetooth Harman Kardon Onyx Studio 9,Harman Kardon,Liên hệ,loa-bluetooth-harman-kardon-studio-9,"Mua Loa Harman Kardon Onyx Studio 9 chính hãng - Giá rẻ, bảo hành 12 tháng, Tặng thêm 3 tháng PGI Care, trả góp nhanh chóng. Mua Onyx Studio 9 ngay.",Trọng lượng sản phẩm: 3.36kg / 7.42lbs  Trọng lượng đóng hộp: 4.2kg / 9.25 lbs,,Công suất định mức: 50W RMS,8 giờ (phụ thuộc vào mức âm lượng và nội dung âm thanh),,Harman Kardon,,Sản phẩm (Rộng x Cao x Dài): 289.2 x 287.5 x 130 mm / 11.39&quot; x 11.32&quot; x 5.12&quot;  Đóng hộp (Rộng x Cao x Dài): 312 x 322 x 172 mm / 12.28&quot; x 12.67&quot; x 6.77&quot;,Kết nối đa loa,,,,,,,,,
https://cellphones.com.vn/loa-jbl-authentics-200.html,Loa Bluetooth JBL Authentics 200,JBL,Liên hệ,L.JBL.39,"Mua loa JBL Authentics 200 chính hãng - Giá tốt, ưu đãi khủng, bảo hành 12 tháng, giao toàn quốc. Mua ngay loa Authentics 200 tại đây.",3.12 kg,Âm thanh nổi 2.0,90W,,Không,JBL,,266.3 x 171.7 x 167.4 mm,,Cổng 3.5mm,2 xloa tweeter 25mm + loa woofer 5”,Tích hợp WiFi,,,,,,
https://cellphones.com.vn/loa-bluetooth-edifier-hecate-g200.html,Loa Bluetooth Edifier Hecate G200,Edifier,Liên hệ,loa-bluetooth-edifier-hecate-g200,"Mua Loa Edifier Hecate G200 chính hãng - Giá rẻ, bảo hành uy tín, giao hàng miễn phí toàn quốc. Mua ngay Edifier Hecate G200 tại đây.",62.5g,2 chế độ âm thanh,5W,"7 giờ (50% âm lượng, tắt đèn)",,Edifier,,,,,Màng loa: 40mm,Đèn RGBKhử tiếng ồn cuộc gọi ENCMiếng đệm từ tính,,,,,,
https://cellphones.com.vn/loa-jbl-bandbox-trio.html,Loa JBL BandBox Trio (Loa Amp tập nhạc và biểu diễn di động tích hợp AI),JBL,Liên hệ,loa-jbl-bandbox-trio,"Mua Loa JBL BandBox Trio chính hãng - Giá tốt, bảo hành uy tín, giao hàng tận nơi toàn quốc. Mua ngay JBL BandBox Trio tại đây.",6.65 kg,,Công suất RMS: 135 W ,10 giờ,,JBL,,344 x 265 x 228 mm,,,1 loa trầm 6.5 inch + 2 loa tweeter vòm lụa 25 mm,,,,,,,
https://cellphones.com.vn/loa-bluetooth-harman-kardon-aura-studio-4.html,Loa Bluetooth Harman Kardon Aura Studio 4,Harman Kardon,Liên hệ, L.MS.01,"Mua Loa Harman Kardon Aura Studio 4 chính hãng - Giá rẻ, trả góp 0%, bảo hành 12 tháng, giao hàng nhanh. Mua Harman Kardon Aura 4 tại đây.",,Âm thanh 360 độ,2 x 15 W RMS + 1 x 100 W RMS,,,Harman Kardon,,,,,6 x Loa trung cao 40 mm 1 x Loa siêu trầm 130 mm,5 hiệu ứng đèn LED,,,,,,
https://cellphones.com.vn/loa-bluetooth-energizer-bts106.html,Loa Bluetooth Energizer BTS 106,Energizer,Liên hệ,LA.129,"Mua loa bluetooth Energizer BTS 106 chính hãng - Giá tốt, bảo hành 12 tháng, nhiều ưu đãi Smember, giao toàn quốc. Mua ngay Energizer BTS-106.",,,,,,Energizer,,,,,,,,1200mAh,Sử dụng liên tục 5 giờ ,10W,,
https://cellphones.com.vn/loa-bluetooth-jbl-boombox-4.html,Loa Bluetooth JBL Boombox 4,JBL,Liên hệ,loa-bluetooth-jbl-boombox-4,"Loa JBL Boombox 4 giá tốt, chất lượng cao, chất âm siêu êm. Bảo hành uy tín. Mua loa di động JBL Boombox 4 giao hàng tận nơi toàn quốc.",5.89 kg,AI Sound BoostJBL PartyBoostJBL Pro Sound,"Chế độ AC: 2 loa trầm RMS 65W, 2 loa tweeter RMS 40W Chế độ pin: 2 loa trầm RMS 60W, 2 loa tweeter RMS 40W",28 giờ + 6 giờ với JBL Playtime Boost,IP68,JBL,,51 x 26 x 21 cm,,USB-C,"2 loa trầm 5 inch / 2 loa trầm 123mm, 2 loa tweeter 0,75 inch / 2 loa trầm 20mm, 2 loa tròn + 1 loa tản nhiệt thụ động racetrack",JBL Playtime Boost,,,,,,
https://cellphones.com.vn/tai-nghe-bluetooth-goojodoq-j201.html,Tai nghe Bluetooth GOOJODOQ J201,Goojodoq,Liên hệ,tai-nghe-bluetooth-goojodoq-j201,"Mua Tai nghe Bluetooth GOOJODOQ J201 chính hãng - Giá tốt, bảo hành uy tín, giao hàng tận nơi toàn quốc. Mua ngay GOOJODOQ J201 tại đây.",,,,,,Goojodoq,,,,,,Kháng nước IPX5,,,,,Có,Đàm thoại: 2 - 3 giờNghe nhạc: 3.5 - 4 giờ
https://cellphones.com.vn/loa-bluetooth-tivoli-model-two-digital.html,Loa Bluetooth Tivoli Model Two Digital,Tivoli,Liên hệ,loa-bluetooth-tivoli-model-two-digital,"Loa Bluetooth Tivoli Model Two Digital chính hãng - Giá tốt, bảo hành uy tín, giao hàng tận nơi toàn quốc. Mua ngay Tivoli Model Two Digital tại đây.",2.2 kg,,Amply: 20WLoa toàn dải 3.5”: 15WLoa Tweeter 0.75”: 5W,,,Tivoli,,12.95 x 25.15 x 15.75 cm,,Jack 3.5mm,"1*15W + 1*5W - (1) Trình điều khiển toàn dải 3,5” - (1) Tweeter 0.75”",AirPlay 2 &amp; Chromecast tích hợp sẵn,,,,,,
https://cellphones.com.vn/loa-bluetooth-harman-kardon-soundsticks-4.html,Loa Bluetooth Harman Kardon Soundstick 4,Harman Kardon,Liên hệ,LB.185,"Mua loa Harman Kardon Soundsticks 4 Trắng chính hãng, giá rẻ, nhận ngay tai nghe Galaxy Buds+. Soundstick 4 hiển thị hiệu ứng ánh sáng sinh động",,Âm thanh Harman Kardon,140 W,,,Harman Kardon,10 m,,2 loa,3.5 mm,,,,,,,,
https://cellphones.com.vn/loa-bluetooth-sony-srs-xv800.html,Loa Karaoke Sony SRS-XV800,Sony,Liên hệ,loa-bluetooth-sony-srs-xv800,"Mua Loa Karaoke Sony SRS-XV800 chính hãng - Giá rẻ, ưu đãi tốt, chất lượng, giao hàng nhanh chóng toàn quốc. Mua Sony SRS-XV800 tại đây.",18.5 kg,"Clear Audio+, LIVE SOUND, MEGA BASS, Sound Booster cho TV, Bước âm lượng 51, DSEE, băng tầng EQ tùy chỉnh",280W,25 giờ,IPX4 khi đặt dọcIPX2 khi đặt ngang,Sony,10 m,,,,Loa Tweeter 60mm&gt;Loa Tweeter sau 40mmLoa Woofer 170 x 170 mm,"Hiệu ứng ánh sángStereo Pair, Party Conect",,,,,,
https://cellphones.com.vn/loa-thap-samsung-mx-t40.html,Loa tháp Samsung MX-T40,Samsung Chính hãng,Liên hệ,LB.232,"Mua Loa tháp Samsung MX-T40/XV chính hãng - Giá rẻ, bảo hành uy tín, giao hàng tận nơi toàn quốc. Mua ngay Samsung MX-T40 tại đây.",6.8kg,"Bass Booster, Âm thanh đa hướng",300W,,Kháng nước nhẹ,Samsung Chính hãng,,,"10 loa (MX-T70, T50 và T40)",Cổng USB,,Đèn led DJHát Karaoke khi kết nối với Mic Bluetooth đầu USB,,,,,,
https://cellphones.com.vn/loa-bluetooth-alpha-works-aw-trek-12.html,Loa Bluetooth Alpha Works AW TREK 12,Alpha Works,Liên hệ,loa-bluetooth-alpha-works-aw-trek-12,"Mua Loa Alpha Works AW TREK 12 chính hãng - Giá rẻ, trả góp tốt, bảo hành uy tín, giao hàng nhanh toàn quốc. Mua Alpha Works AW TREK 12 tại đây.",270g,,12W RMS,12 giờ (tùy mức âm lượng và thể loại nhạc),IPX7,Alpha Works,,84 × 84 × 94.5 mm,,USB-C / 5V-0.8A,Củ loa toàn dải 52mm,,,,,,,
https://cellphones.com.vn/loa-bluetooth-lg-xboom-grab.html,Loa Bluetooth LG xboom Grab,LG,Liên hệ,loa-lg-xboom-grab,"Mua Loa Bluetooth LG xboom Grab chính hãng - Giá tốt, bảo hành uy tín, giao hàng tận nơi toàn quốc. Mua ngay Loa Bluetooth LG xboom Grab tại đây.",0.7 kg,AI Sound,20W,20 giờ,IP67,LG,,211.0 x 71.6 x 70.0 mm,,,Loa siêu trầm dạng thanh 45 x 80mm  Loa tweeter vòm 16mm,"Kết nối nhiều loa qua Auracast™  Ra lệnh bằng giọng nói (trợ lý Google, Siri)  Ứng dụng Buetooth (Android/IOS)",,,,,,
https://cellphones.com.vn/loa-bluetooth-robot-rb510.html,Loa Bluetooth Robot RB510,Robot,Liên hệ,loa-bluetooth-robot-rb510,"Mua Loa Robot RB510 chính hãng - Giá rẻ, hỗ trợ trả góp, bảo hành uy tín, giao hàng tận nơi toàn quốc. Mua ngay Robot RB510 tại đây.",350g,,10 W,Hãng không công bố,IPX4,Robot,,,,MicroSDUSBAUX,Màng loa siêu trầm 45mm,LED RGB 16 triệu màu,,,,,,
https://cellphones.com.vn/loa-bluetooth-tronsmart-trip-10w.html,Loa Bluetooth Tronsmart Trip 10W,Tronsmart,Liên hệ,LA.259,"Mua Loa Bluetooth Tronsmart Trip 10W chính hãng - Giá tốt, bảo hành uy tín, giao hàng tận nơi toàn quốc. Mua Tronsmart Trip tại đây.",,Âm thanh SoundPulse,10 W,20 giờ,IPX7,Tronsmart,18 m,,2 thiết bị,Bluetooth Aux-in,,Ghép nối âm thanh nổi,,,,,,
https://cellphones.com.vn/loa-bluetooth-divoom-ditoo-5m.html,Loa Bluetooth Divoom Ditoo-5M,Divoom,Liên hệ,loa-bluetooth-divoom-ditoo-5m,"Mua Loa Bluetooth Divoom Ditoo-5M chính hãng - Giá tốt, bảo hành uy tín, giao hàng tận nơi toàn quốc. Mua ngay Divoom Ditoo-5M tại đây.",Loa: 549gMicro: 33g,,15 W,Loa: 8 giờMicro: 8 giờ,,Divoom,,Loa: 113.8 x 90 x 122.2 mmMicro: 23 x 23 x 120 mm,,USB-C và khe cắm thẻ nhớ TF,Kích thước loa: 48mm,Bàn phím cơ RGB có LED ẩn bên dưới Tích hợp màn hình LED,,,,,,
https://cellphones.com.vn/loa-bluetooth-jbl-flip-6.html,Loa Bluetooth JBL Flip 6,JBL,Liên hệ,LB.230,"Mua Loa bluetooth JBL Flip 6 chính hãng - Giá rẻ, đảm bảo chất lượng, bảo hành uy tín, giao hàng toàn quốc. Mua ngay JBL Flip 6 tại đây.",0.55 g,Party Boost (kết nối 2 loa cùng lúc) ,30 W,12 giờ ,IP67,JBL,,17.8 x 6.8 x 7.2 cm,2 loa,,1 loa subwoofer dạng racetrack + 1 tweeter + 2 loa bass thụ động Party Boost,,,,,,,
https://cellphones.com.vn/loa-bluetooth-harman-kardon-go-and-play-3.html,Loa Bluetooth Harman Kardon Go + Play 3,Harman Kardon,Liên hệ,loa-bluetooth-harman-kardon-go-and-play-3,"Loa bluetooth Harman Kardon Go + Play 3 chính hãng - Giá rẻ, ưu đãi tốt, trả góp 0%, giao hàng toàn quốc. Mua Harman Kardon Go Play 3 tại đây.",,,160W (khi cắm nguồn),8 giờ,,Harman Kardon,10 m,,,,2x mid-range (70mm) 2x tweeter (20mm) 1x subwoofer (130mm),,,,,,,
https://cellphones.com.vn/loa-kiem-am-edifier-mr3.html,Loa kiểm âm Bluetooth Edifier MR3,Edifier,Liên hệ,loa-kiem-am-edifier-mr3,"Loa Edifier MR3 chính hãng, kiểm âm chuẩn, giá tốt nhiều ưu đãi. Bảo hành uy tín. Mua loa bluetooth Edifier MR3 giao hàng tận nơi toàn quốc.",,Hi-Res Audio,36W,,,Edifier,,,,RCAAUX,3.5″ mid-bass + 1″ Tweeter,Công nghệ TempoAbyss,,,,,,
https://cellphones.com.vn/loa-bluetooth-marshall-middleton-ii.html,Loa Bluetooth Marshall Middleton II,Marshall,Liên hệ,loa-bluetooth-marshall-middleton-ii,"Loa bluetooth Marshall Middleton II chất lượng, dùng bền. Trả góp 0%. Bảo hành 1 năm. Mua loa Marshall Middleton 2 không dây giao nhanh 2h.",1.8 kg,Âm thanh 360°,,30 giờ,IP67,Marshall,,230 x 98 x 110 mm,,AUX 3.5 mm,Loa trầm (x2): 3 inch Loa Tweeter (x2): 0.6 inchBộ tản nhiệt thụ động (x2),Sạc nhanh: 20 phút = 5 giờ,,,,,,
https://cellphones.com.vn/loa-bluetooth-robot-rb120.html,Loa Robot RB120,Robot,Liên hệ,loa-bluetooth-robot-rb120,"Mua Loa Robot RB120 chính hãng giá rẻ - Thu cũ đổi mới, bảo hành 12 tháng, đổi mới 30 ngày, trả góp 0%. Mua ngay Loa Robot RB120 tại CellphoneS ngay!",350g,,5W,8 giờ,"IPX4 chống thấm nước, mồ hôi và chống mưa",Robot,,,,"Thẻ TF, cáp âm thanh Aux",Có đèn LED RGB ,Kết nối 2 loa với nhau,Tần số 40Hz ～ 18KHz,1200mAH,,,,
https://cellphones.com.vn/loa-bluetooth-mini-robot-rb180.html,Loa Bluetooth mini Robot RB180,Robot,Liên hệ,loa-bluetooth-mini-robot-rb180,"Mua Loa Bluetooth mini Robot RB180 chính hãng - Giá rẻ, hỗ trợ trả góp, bảo hành uy tín, giao hàng tận nơi toàn quốc. Mua ngay Robot RB180 tại đây.",290g,,5 W,8 giờ,IPX4,Robot,,115 x 81 x 55 mm,,TF CardAUX,Màng loa: 52 mm,Đèn LED RGB Kết nối TWS,,,,,,
https://cellphones.com.vn/loa-bluetooth-xiaomi-sound-party.html,Loa Bluetooth Xiaomi Sound Party,Xiaomi,Liên hệ,loa-bluetooth-xiaomi-sound-party,"Loa Xiaomi Sound Party chất lượng - Giá tốt, ưu đãi hấp dẫn, bảo hành uy tín, giao hàng miễn phí toàn quốc. Mua Xiaomi Sound Party tại đây.",660 g,, 2 x Loa dải cao 10W  Loa trầm 20W,17 giờ,IP67,Xiaomi,,"20,2 cm x 7,3 cm x 7,3 cm",,Hỗ trợ kết nối NFC mang đến trải nghiệm nghe nhạc liền mạch,,,,,,,,
https://cellphones.com.vn/loa-bluetooth-tronsmart-mirtune-c3.html,Loa Bluetooth Tronsmart Mirtune C3,Tronsmart,Liên hệ,loa-bluetooth-tronsmart-mirtune-c3,"Mua Loa Bluetooth Tronsmart Mirtune C3 chính hãng - Giá tốt, bảo hành uy tín, giao hàng tận nơi toàn quốc. Mua ngay Tronsmart Mirtune C3 tại đây.",530g,,24W,12 giờ (âm lượng 50%),IPX7,Tronsmart,,18 x 7 x 7.2 cm,2,,1 loa tweeter + 1 loa mid-woofer,Kết nối âm thanh nổiTùy chỉnh EQ qua ứng dụng TronsmartThiết kế di động với dây đeo,,,,,,
https://cellphones.com.vn/loa-bluetooth-energizer-bts065bk-tich-hop-sac-du-phong.html,Loa Bluetooth Energizer tích hợp pin dự phòng BTS065BK,Energizer,Liên hệ,loa-bluetooth-energizer-bts065bk-tich-hop-sac-du-phong,"Mua Loa Bluetooth Energizer tích hợp pin dự phòng BTS065BK chính hãng - Giá tốt, bảo hành uy tín, giao hàng tận nơi toàn quốc. Mua ngay Loa Bluetooth Energizer tích hợp pin dự phòng BTS065BK tại đây.",629g,,6W,6 giờ,,Energizer,,81 x 64 x 208mm,2," Micro SD, USB",,Công nghệ Auto voltage sensing - tự động cảm biến điện áp giúp tương thích với mọi thiết bị di động.,,1.200mAh,,,,
https://cellphones.com.vn/loa-bluetooth-fender-indio-2.html,Loa Bluetooth Fender Indio 2,Fender,Liên hệ,loa-bluetooth-fender-indio-2,"Mua Loa Fender Indio 2 chính hãng - Giá tốt, bảo hành uy tín, giao hàng tận nơi toàn quốc. Mua ngay Fender Indio 2 tại đây.",4 kg,,60W,25 giờ,,Fender,,32.2 x 17.2 x 31 cm,,AUX 3.5 mmUSB ,2 loa Woofer: 8.89cm1 loa Tweeter: 1.6 cm,Kết nối stereoKết nối nhiều thiết bịTinh chỉnh EQ,,,,,,
https://cellphones.com.vn/loa-tronsmart-t8-40w-portable-outdoor.html,Loa Bluetooth Tronsmart T8 40W Portable Outdoor,Tronsmart,Liên hệ,loa-tronsmart-t8-40w-portable-outdoor,"Mua Loa Tronsmart T8 40W Portable Outdoor chính hãng - Giá tốt, bảo hành uy tín, giao hàng tận nơi toàn quốc. Mua ngay Tronsmart T8 40W Portable Outdoor tại đây.",,Âm thanh 360,40W,18 giờ,IPX7,Tronsmart,,,,,,Đèn LED,,,,,,
https://cellphones.com.vn/loa-bluetooth-jbl-grip.html,Loa Bluetooth JBL Grip,JBL,Liên hệ,loa-bluetooth-jbl-grip,"Mua loa JBL Grip chính hãng - Giá tốt, bảo hành uy tín, giao hàng tận nơi toàn quốc. Mua ngay JBL Grip tại đây.",385g,JBL OriginalAI Sound Boost,16 W,12 giờ + 2 giờ với chế độ Playtime Boos,IP68,JBL,,6.4 x 15.3 x 6.5 cm,,,43 x 80 mm full range,Kết nối nhiều loa với JBL Auracast™,,,,,,
https://cellphones.com.vn/loa-bluetooth-edifier-r1280dbs.html,Loa Bluetooth Edifier R1280DBs,Edifier,Liên hệ,loa-bluetooth-edifier-r1280dbs,"Mua loa Edifier R1280DBs chính hãng - Giá tốt, bảo hành uy tín, giao hàng tận nơi toàn quốc. Mua ngay Edifier R1280DBs tại đây.",,,42W,,,Edifier,,,,"Optical, Coaxial, Dual RCA",Driver: 4 inch Loa Tweer: 13mm,,,,,,,
https://cellphones.com.vn/loa-bluetooth-jbl-charge-6.html,Loa Bluetooth JBL Charge 6,JBL,Liên hệ,loa-bluetooth-jbl-charge-6,"Loa JBL Charge 6 siêu bền, chống nước, chống va đập thách thức mọi giới hạn, pin khủng 28h, âm bass uy lực, bluetooth 5.4 hiện đại. Giá tốt, hỏa tốc 2h",Có dây đeo: 0.99 kgKhông dây đeo: 0.96 kg,AI Sound Boost ,Woofer: 30W RMSTweeter: 10W RMSTổng công suất tối đa: 45W,28 giờ,IP68,JBL,,22.88 x 9.85 x 9.4 cm,,USB-C,"Woofer 53 x 93 mm, Tweeter 20 mm ",Kết nối nhiều loa qua Auracast™Tích hợp pin dự phòngSạc nhanh,,,,,,
https://cellphones.com.vn/loa-bluetooth-stargo-p20.html,Loa Bluetooth StarGO P20,StarGO,Liên hệ,loa-bluetooth-stargo-p20,"Mua Loa Bluetooth StarGO P20 chính hãng - Giá tốt, bảo hành uy tín, giao hàng toàn quốc. Mua ngay StarGO P20 tại đây.",932 g,,30W,8 - 12 giờ,IPX6,StarGO,20 m,220 x 97 x 98 mm,,Aux-in TF Card U-disk,58 mm x 2,,,,,,,
https://cellphones.com.vn/loa-sony-srs-xv500.html,Loa Karaoke Sony SRS-XV500,Sony,Liên hệ,L.SN.23.B,"Mua Loa Sony SRS-XV500 chính hãng - Giá tốt, Giảm thêm Smember, Quà hấp dẫn, bảo hành 12 tháng, giao hàng toàn quốc. Mua ngay SRS XV500 tại đây.",11.2 kg ,"Clear Audio+, DSEE, LIVE SOUND",160 W,25 giờ,IPX4 ,Sony,,,,,2 x loa woofer 14cm 2 x loa tweeter 6cm,Băng tần EQ tùy chỉnh 3 Siêu trầm (Mega bass) Bước âm lượng 51,,,,,,
https://cellphones.com.vn/loa-vi-tinh-edifier-m60.html,Loa vi tính Edifier M60,Edifier,Liên hệ,loa-vi-tinh-edifier-m60,"Mua loa Edifier M60 chính hãng - Giá tốt, bảo hành uy tín, giao hàng tận nơi toàn quốc. Mua ngay Edifier M60 tại đây.",,Hi-Res AudioHi-Res Audio Wireless,66W,,,Edifier,10m,,,AUXUSB-C,Tweeter: 15W x 2 Mid-bass driver: 18W x 2,,,,,,,
https://cellphones.com.vn/loa-bluetooth-tronsmart-t7-30w.html,Loa Bluetooth Tronsmart T7 30W,Tronsmart,Liên hệ,loa-bluetooth-tronsmart-t7-30w,"Mua Loa bluetooth Tronsmart T7 30W chính hãng - Giá rẻ, chống nước tốt, bảo hành uy tín, giao hàng toàn quốc. Mua Tronsmart T7 tại đây.",,Âm thanh vòm 360Ghép nối âm thanh nổi,30 W,12 giờ,IPX7,Tronsmart,18 m,,,TF Card,,4 Chế độ đèn LEDTuỳ chỉnh EQ,,,,,,
https://cellphones.com.vn/loa-bluetooth-divoom-ditoo-plus.html,Loa Bluetooth Divoom DiToo-Plus,Divoom,Liên hệ,loa-bluetooth-divoom-ditoo-plus,"Mua Loa Bluetooth Divoom DiToo-Plus chính hãng - Giá tốt, bảo hành uy tín, giao hàng tận nơi toàn quốc. Mua ngay Divoom DiToo-Plus tại đây.",505 g,,10W,8 giờ,,Divoom,,90 x 114 x 121 mm,,,,Tích hợp API Internet Radio và DJ Marker 3.0Trang bị màn hình LED,,,,,,
https://cellphones.com.vn/loa-bluetooth-goojodoq-ab4088.html,Loa Bluetooth GOOJODOQ AB4088,Goojodoq,Liên hệ,loa-bluetooth-goojodoq-ab4088,"Mua Loa Bluetooth GOOJODOQ AB4088 chính hãng - Giá tốt, bảo hành uy tín, giao hàng tận nơi toàn quốc. Mua ngay GOOJODOQ AB4088 tại đây.",,,5 W,1.5 giờ - 5 giờ (Tùy chế độ),,Goojodoq,,,,,,7 chế độ ánh sángBáo thứcHiển thị thời gian,,,,,,
https://cellphones.com.vn/loa-bluetooth-stargo-pulse-x.html,Loa Bluetooth StarGO Pulse X,StarGO,Liên hệ,loa-bluetooth-stargo-pulse-x,"Mua Loa Bluetooth StarGO Pulse X chính hãng - Giá tốt, bảo hành uy tín, giao hàng toàn quốc. Mua ngay StarGO Pulse X tại đây.",520 g,Âm thanh vòm 360 độ,5 W x 2,3 giờ,,StarGO,,76 x 76 x 220.9 mm,,,Màng loa: 45 mm x 2,Kết nối TWS,,,,,,
https://cellphones.com.vn/loa-bluetooth-edifier-d32.html,Loa Bluetooth Edifier D32,Edifier,Liên hệ,loa-bluetooth-edifier-d32,"Mua Loa bluetooth Edifier D32 chính hãng - Giá tốt, bảo hành uy tín, giao hàng tận nơi toàn quốc. Mua ngay loa Edifier D32 tại đây.",3.05kg,Hi-Res Audio WirelessHi-Res Audio,60W,12 giờ,,Edifier,,,2 loa,3.5mm,,,,,,,,
https://cellphones.com.vn/loa-anker-soundcore-select-4-go-a31x1.html,Loa Bluetooth Anker Soundcore Select 4 Go - A31X1,Anker,Liên hệ,loa-anker-soundcore-select-4-go-a31x1,"Mua Loa Anker Soundcore Select 4 Go - A31X1 chính hãng - Giá tốt, bảo hành uy tín, giao hàng tận nơi toàn quốc. Mua ngay Anker Soundcore Select 4 Go - A31X1 tại đây.",265g,Stereo,5W,20 giờ,IP67,Anker,,,,,,Kết nối kép,,,,,,
https://cellphones.com.vn/loa-bluetooth-marshall-stanmore-iii.html,Loa Bluetooth Marshall Stanmore III,Marshall,Liên hệ,loa-bluetooth-marshall-stanmore-iii,"Mua Loa Marshall Stanmore 3 (III) chính hãng - Giá tốt, bảo hành uy tín, giao hàng tận nơi toàn quốc. Mua ngay Marshall Stanmore 3 tại đây.",4.25 kg ,Âm thanh nổiDynamic Loudness,80 W,,,Marshall,,350 x 203 x 188 mm,2 loa,Cổng 3.5 mm RCA,,Đèn LED báo tín hiệu pin,,,,,,
https://cellphones.com.vn/loa-bluetooth-baseus-aequr-35-pro.html,Loa Bluetooth Baseus AeQur 35 Pro,Baseus,Liên hệ,loa-bluetooth-baseus-aequr-35-pro,"Mua Loa Bluetooth Baseus AeQur 35 Pro chính hãng - Giá tốt, bảo hành uy tín, giao hàng tận nơi toàn quốc. Mua ngay Loa Baseus AeQur 35 Pro tại đây.",210g,Bass Enhancement,5W,12 giờ (mức 50% âm lượng),IPX5,Baseus,,,2,,Driver 40mm ,,,,,,,
https://cellphones.com.vn/loa-bluetooth-goojodoq-ab4085.html,Loa Bluetooth GOOJODOQ AB4085,Goojodoq,Liên hệ,loa-bluetooth-goojodoq-ab4085,"Mua Loa Bluetooth GOOJODOQ AB4085 chính hãng - Giá tốt, bảo hành uy tín, giao hàng tận nơi toàn quốc. Mua ngay GOOJODOQ AB4085 tại đây.",,,5 W,3 giờ ,,Goojodoq,,,,,,Hỗ trợ thẻ nhớ,,,,,,
https://cellphones.com.vn/loa-bluetooth-stargo-p30.html,Loa Bluetooth StarGO P30,StarGO,Liên hệ,loa-bluetooth-stargo-p30,"Mua Loa Bluetooth StarGO P30 chính hãng - Giá tốt, bảo hành uy tín, giao hàng toàn quốc. Mua ngay StarGO P30 tại đây.",2.5 kg,,20 W x 2 + 5 W x 2,8 - 15 giờ,IPX6,StarGO,20 m,13 x 125.5 x 119 mm,,Aux-in Micro SD/ TF Card U-disk,,,,,,,,
https://cellphones.com.vn/loa-bluetooth-harman-kardon-aura-studio-5.html,Loa Bluetooth Harman Kardon Aura Studio 5,Harman Kardon,Liên hệ,loa-bluetooth-harman-kardon-aura-studio-5,"Mua loa Harman Kardon Aura Studio 5 chính hãng - Giá tốt, bảo hành uy tín, giao hàng tận nơi toàn quốc. Mua ngay Harman Kardon Aura Studio 5 tại đây.",4.2 kg,Công nghệ Constant Sound Field,2x 20 W + 1x 20W + 1x 100 W RMS,,,Harman Kardon,,306.4 x 234 x 234 mm,,USB-C,"6x loa mid range 40 mm, 1x loa tweeter 25 mm, 1x loa subwoofer 143 mm",Hiệu ứng trình diễn ánh sáng môi trường 360,,,,,,
https://cellphones.com.vn/loa-bluetooth-divoom-songbird-se-2mic.html,Loa Bluetooth Divoom SongBird-SE 2Mic,Divoom,Liên hệ,loa-bluetooth-divoom-songbird-se-2mic,"Mua Loa Bluetooth Divoom SongBird-SE 2Mic chính hãng - Giá tốt, bảo hành uy tín, giao hàng tận nơi toàn quốc. Mua ngay Divoom SongBird-SE 2Mic tại đây.",Loa: 633.4g Micro: 325.8g (micro và đế sạc),Tích hợp chip DSP ,18 W,Loa: 8 giờ Micro: 11 giờ,IPX4,Divoom,,Loa: 68.2 x 68.2 mm,,AUX,,Hỗ trợ livestream,,,,,,
https://cellphones.com.vn/loa-bluetooth-alpha-works-aw-ride.html,Loa Bluetooth Alpha Works AW-Ride,Alpha Works,Liên hệ,loa-bluetooth-alpha-works-aw-ride,"Mua Alpha Works AW-Ride chính hãng - Giá rẻ, Tặng bộ Quà cao cấp, Áo Mưa, giảm thêm Smember đến 5%, giao hàng toàn quốc. Mua AW Ride tại đây.",313g,,10W,2 giờ (tối đa âm lượng)  18 giờ (1/2 mức công suất),IPX7,Alpha Works,,,,,,,,,,,,
https://cellphones.com.vn/loa-bluetooth-havit-sq146bt-den-kem-1-mic.html,Loa Bluetooth Havit SQ146BT (1 mic),Havit,Liên hệ,loa-bluetooth-havit-sq146bt-den-kem-1-mic,"Mua Loa Bluetooth Havit SQ146BT (1 mic) chính hãng - Giá tốt, bảo hành uy tín, giao hàng tận nơi toàn quốc. Mua ngay Havit SQ146BT (1 mic) tại đây.",3.1 kg,,60W,6 - 10 giờ,,Havit,,300 x 255 x 245 mm,,AUXUSBTFMIC IN,,,,,,,,
https://cellphones.com.vn/loa-bluetooth-arirang-bta-3625.html,Loa Bluetooth Arirang BTA-3625,Arirang,Liên hệ,loa-bluetooth-arirang-bta-3625,"Mua Loa Arirang BTA-3625 chính hãng - Giá tốt, bảo hành uy tín, giao hàng tận nơi toàn quốc. Mua ngay Arirang BTA-3625 tại đây.",1.7 kg,,36 W,Âm lượng 50%: 10 giờÂm lượng 70%: 6 giờ,,Arirang,,270 x 105 x 91mm,,USB-AAUXThẻ nhớ MicroSD,,Tính năng tự động tắt nguồn sau 10 phút Chức năng Speakerphone,,,,,,
https://cellphones.com.vn/loa-bose-soundlink-flex-2.html,Loa Bluetooth Bose Soundlink Flex 2,Bose,Liên hệ,loa-bose-soundlink-flex-2,"Mua loa Bose Soundlink Flex 2 chính hãng - Giá tốt, quà tặng hấp dẫn, bảo hành uy tín, giao hàng toàn quốc. Mua loa Soundlink Flex 2 tại đây.",,SimpleSync  loa toàn dải  Stereo/Party Mode  Snapdragon Sound,,12 giờ,"Kháng nước, kháng bụi IP67",Bose,9m,,,,,,,12 giờ,Pin sạc Lithium-ion,,,
https://cellphones.com.vn/loa-bluetooth-lg-xboom-stage-301.html,Loa Bluetooth LG xboom Stage 301,LG,Liên hệ,loa-lg-xboom-stage-301,"Mua Loa Bluetooth LG xboom Stage 301 chính hãng - Giá tốt, bảo hành uy tín, giao hàng tận nơi toàn quốc. Mua ngay Loa LG xboom Stage 301 tại đây.",6.5 kg,AI Sound ,120 W,12 giờ,Kháng nước IPX4,LG,,312 x 311 x 282 mm,,AUX in 3.5mm  USB,,Karaoke và DJ qua app  Kết hợp với chân tripod,,,,,,
https://cellphones.com.vn/loa-bluetooth-edifier-es60.html,Loa Bluetooth Edifier ES60,Edifier,Liên hệ,loa-bluetooth-edifier-es60,"Mua loa bluetooth Edifier ES60 chính hãng - Giá tốt, Giảm thêm Smember, bảo hành 12 tháng, giao hàng toàn quốc. Mua ngay loa ES60 tại đây.",1.04kg,,34W,9 giờ,IP66,Edifier,,190 x 92 x 98 mm,2,,,Kết nối TWS stereo,,,,,,
https://cellphones.com.vn/loa-bluetooth-marshall-tufton.html,Loa Bluetooth Marshall Tufton,Marshall,Liên hệ,LB.195,"Mua Loa Marshall Tufton chính hãng - Giá rẻ, bảo hành uy tín, có trả góp, giao hàng tận nơi toàn quốc. Mua ngay Marshall Tufton tại đây.",4.9 kg ,Âm thanh nổi  Hi-Res Audio,80 W,20 giờ,IPX2,Marshall,,229 x 163 x 350 mm,,3.5 mm,,Sạc nhanhĐèn báo tín hiệu pin,,,,,,
