url,ten_san_pham,thuong_hieu,gia_ban,sku,mo_ta_ngan,Loại card đồ họa,Loại RAM,Số khe ram,Ổ cứng,CPU,VGA,RAM,Hệ điều hành,Cổng I/O mặt sau,Loại CPU,Dung lượng RAM,Cổng giao tiếp,SSD,Mainboard,Socket,Chipset (PC lắp ráp),Màn hình,Tản nhiệt,Kích thước màn hình,Công nghệ màn hình,Độ phân giải màn hình
https://cellphones.com.vn/may-tinh-pc-mini-asus-nuc-14-pro-revel-canyon-u7.html,PC Mini Pc Asus NUC 14 Pro Revel Canyon U7,ASUS,Liên hệ,may-tinh-pc-mini-asus-nuc-14-pro-revel-canyon-u7,"Mua PC Mini Pc Asus NUC 14 Pro Revel Canyon U7 giá rẻ - Hỗ trợ trả góp 0%, đổi mới 30 ngày, bảo hành chính hãng, giao hàng tận nơi miễn phí.",Intel Arc Graphics,DDR5 SO-DIMM,"2 x SO-DIMM DDR5 5600 memory, up to 48GB x2","1 x M.2 2280 PCIe Gen4x4 NVMe 512GB 1 x M.2 2280 PCIe Gen4x4 NVMe 512GB hoặc 1TB SSD *1x Khe cắm SATA 2,5 inch để hỗ trợ SSD/HDD Lưu ý: Chỉ hỗ trợ ổ cứng 2,5&quot; trên SKU CAO",Intel Core Ultra 7 155H,Intel Arc Graphics,DDR5 SO-DIMM,No OS,"2 x Thunderbolt 4 Type-C Ports
1 x USB 3.2 Gen 2 Type-A
1 x 2.0 Type-A
2 x HDMI 2.1 (TMDS) ports
1 x RJ45 LAN Port
1 x DC-in",Intel Core Ultra 7 155H,,,,,,,,,,,
https://cellphones.com.vn/pc-asus-v501mv-05210h048w.html,PC ASUS V501MV-05210H048W,ASUS,Liên hệ,pc-asus-v501mv-05210h048w,"Mua PC ASUS V501MV-05210H048W chính hãng - Giá rẻ, đảm bảo chất lượng, độ bền cao, hỗ trợ giao hàng tận nơi toàn quốc.",Intel Graphics,DDR5 SO-DIMM,"2 x DDR5 SO-DIMM slot, tối đa 64GB",512GB SSD M.2 2280 NVMe PCIe,,,,Windows 11 Home,,"Intel Core 5 210H (lên tới 4.8 GHz / 12MB / 8 nhân, 12 luồng)",8GB,Mặt trước:1 x jack 3.5mm1 x jack 3.5mm combo1 x USB-C 3.2 Gen 2 x USB-A 3.2 Gen 12 x USB-A 3.2 Gen 2Mặt sau:1 x RJ451 x HDMI 1.41 x DisplayPort 1.41 x âm thanh 7.1 kênh1 x khe khóa bảo mật Kensington,,,,,,,,,
https://cellphones.com.vn/pc-cps-van-phong-s3-amd.html,PC CPS văn phòng S03 R5 5500GT / 8GB - 256GB,Hãng khác,Liên hệ,PC.VP.03,"Mua ngay PC CPS Văn Phòng S3 - AMD giá rẻ - Hỗ trợ trả góp 0%, đổi mới 30 ngày, bảo hành chính hãng, giao hàng tận nơi miễn phí.",,,,,CPU AMD Ryzen 5 5500GT,Onboard,Ram PC VSP DDR4 3200MHZ 8GB (1*8GB),,,,8GB,,Ổ cứng SSD VSP 860G SATA III 2.5&quot; 256GB,Mainboard ASRock A520M/AC D4 AM4 Wifi,AM4 ,A520M,,,,,
https://cellphones.com.vn/pc-cps-van-phong-amd-r3-3200g.html,PC CPS Văn Phòng AMD R3 3200G Kèm Màn Hình,Hãng khác,Liên hệ,PC.CPS.110,"Mua ngay PC CPS Văn Phòng AMD R3 3200G Kèm Màn Hình giá rẻ - Hỗ trợ trả góp 0%, đổi mới 30 ngày, bảo hành chính hãng, giao hàng tận nơi miễn phí.",,,,,CPU AMD Ryzen 3 3200G,Onboard,RAM PC VSP DDR4 3200MHZ 8GB (1*8GB),,,,8GB,,Ổ cứng SSD VSP 860G SATA III 2.5&quot; 256GB,Mainboard ASRock A520M/AC D4 AM4 Wifi,,A520M,Màn hình Aiwa AW-MF2228-Y 22 inch,,,,
https://cellphones.com.vn/pc-cps-gaming-g6.html,PC CPS Gaming G06 i5 12400F / 16GB - 256GB / RX 7600,Hãng khác,Liên hệ,PC.GM.06,"Mua ngay PC CPS Gaming G6 giá rẻ - Hỗ trợ trả góp 0%, đổi mới 30 ngày, bảo hành chính hãng, giao hàng tận nơi miễn phí.",,,,,Intel Core i5-12400F,VGA Asus Phoenix Radeon RX 7600 OC 8GB DUAL-RX7600-O8G-EVO,RAM PC ADATA XPG D50 RGB 16GB (1x16GB) 3200MHz DDR4,,2 x Antenna Ports1 x PS/2 Mouse/Keyboard Port1 x HDMI Port1 x DisplayPort 1.41 x USB 3.2 Gen1 Type-C Port3 x USB 3.2 Gen1 Type-A Ports2 x USB 2.0 Ports1 x RJ-45 LAN PortHD Audio Jacks: Line in / Front Speaker / Microphone,,,,Ổ cứng SSD Transcend 110S NVMe PCIe Gen3 x4 256GB,Mainboard MSI Pro B760M-E DDR4,LGA 1700,B760M,,Tản nhiệt khí Xigmatek EPIX II,,,
https://cellphones.com.vn/pc-gaming-cps-x-msi-intel-i5-gen-12-rtx-5060-8gb.html,PC CPS x MSI Gaming Intel I5 Gen 12 RTX 5060 8GB,MSI,Liên hệ,PC.CPS.143,"Mua PC CPS x MSI Gaming Intel I5 Gen 12 RTX 5060 8GB chính hãng - Giá rẻ, đảm bảo chất lượng, độ bền cao, hỗ trợ trả góp 0%, giao hàng miễn phí toàn quốc.",,,,,CPU Intel Core i5 12400F,VGA MSI GeForce RTX 5060 8GB VENTUS 2X OC,Ram PC Kingston Fury DDR5 5600MHz 16GB (1*16) KF556C40BB-16WP,,,,16GB,,Ổ cứng SSD Kingston NV3 PCIe 4.0 NVMe 500GB,Mainboard MSI B760M Gaming WIFI DDR5,,B760M,,,,,
https://cellphones.com.vn/pc-asus-expertcenter-s503mer-514400061w.html,PC Asus ExpertCenter S503MER-514400061W,ASUS,Liên hệ,PC.AS.14,"Mua ngay PC Asus ExpertCenter S503MER-514400061W giá rẻ - Hỗ trợ trả góp 0%, đổi mới 30 ngày, bảo hành chính hãng, giao hàng tận nơi miễn phí.",Intel UHD Graphics 730,DDR5 U-DIMM,2 khe (1 khe 16GB + 1 khe trống),512GB M.2 2280 NVMe™ PCIe® 4.0 SSD,,,,Windows 11 Home,"1 x Headphone1 x 3.5mm combo audio jack2 x USB 2.0 Type-A2 x USB 3.2 Gen 2 Type-A1 x RJ45 Gigabit Ethernet1 x HDMI 1.41 x VGA Port1 x 7.1 channel audio (microphone, line-out, Line-in)1 x Kensington lock1 x Padlock loop2 x USB 2.0 Type-A2 x USB 3.2 Gen 1 Type-A",Intel Core i5-14400,16GB,,,,,,,,,,
https://cellphones.com.vn/may-tinh-aio-asus-p440vak-wpc042w.html,Máy tính AIO ASUS P440VAK-WPC042W,ASUS,Liên hệ,may-tinh-aio-asus-p440vak-wpc042w,"Mua ngay Máy tính AIO ASUS P440VAK-WPC042W giá rẻ - Hỗ trợ trả góp 0%, đổi mới 30 ngày, bảo hành chính hãng, giao hàng tận nơi miễn phí.", Intel® Graphics,DDR5 5200MHz,2 Khe cắm Hỗ trợ tối đa 32GB,512GB M.2 NVMe SSD,,,,Windows 11 Home SL 64-bit,,"Intel Core i3-1315U (1.2 GHz - 4.5GHz / 10MB / 6 nhân, 8 luồng)",8GB,1 x USB Type C3 x USB 3.21 x USB 2.0Audio combox1 LAN 1 Gb/s,,,,,,,23.8 inches,Độ sáng 250nits Màn hình chống chói,1920 x 1080 pixels (FullHD)
https://cellphones.com.vn/pc-cps-x-asus-gaming-intel-i5-gen-14.html,PC CPS X ASUS Gaming Intel I5 Gen 14 kèm màn hình - Trắng,Hãng khác,Liên hệ,PC.CPS.108,"Mua ngay PC CPS X ASUS Gaming Intel I5 Gen 14 kèm màn hình giá rẻ - Hỗ trợ trả góp 0%, đổi mới 30 ngày, bảo hành chính hãng, giao hàng tận nơi miễn phí.",,,,,Intel Core i5 14400F,VGA Asus Phoenix Radeon RX 7600 OC 8GB DUAL-RX7600-O8G-EVO,RAM PC ADATA XPG D50 RGB 16GB (1x16GB) 3200MHz DDR4,,,,,,Ổ cứng SSD Transcend 110S NVMe PCIe Gen3 x4 256GB,Mainboard Asus Prime B760M-A DDR4,LGA 1700,B760M,Màn hình Gaming ASUS ROG Strix XG27ACMES 27 inch,"Tản nhiệt khí Xigmatek EPIX II x3 Quạt led Xigmatek Infinity Pro 3 Arctic (ARGB, 3 Side Infinity)",,,
https://cellphones.com.vn/pc-cps-gaming-g7.html,PC CPS Gaming G07 i5 12400F / 16GB - 256GB / RTX 5060,intel,Liên hệ,PC.GM.07,"Mua ngay PC CPS Gaming G7 giá rẻ - Hỗ trợ trả góp 0%, đổi mới 30 ngày, bảo hành chính hãng, giao hàng tận nơi miễn phí.",,,,,Intel Core i5-12400F,VGA MSI GeForce RTX 5060 8GB VENTUS 2X OC,Ram PC Kingston Fury DDR5 5600MHz 16GB (1*16) KF556C40BB-16WP,,,,16GB,,Ổ cứng SSD Kingston NV3 PCIe 4.0 NVMe 500GB,Mainboard MSI B760M Gaming WIFI DDR5,LGA 1700,B760M,,"Tản nhiệt nước Xigmatek Fenix II 240 Arcticx3 Quạt led Xigmatek Infinity Pro 3 (ARGB, 3 Side Infinity)",,,
https://cellphones.com.vn/pc-gaming-cps-x-msi-intel-i5-gen-12-rtx-3050.html,PC CPS x MSI Gaming Intel I5 Gen 12 RTX 3050 6GB,MSI,Liên hệ,PC.CPS.144,"Mua PC CPS X MSI Gaming Intel I5 Gen 12 RTX 3050 6GB chính hãng - Giá rẻ, đảm bảo chất lượng, độ bền cao, hỗ trợ trả góp 0%, giao hàng miễn phí toàn quốc.",,,,,CPU Intel Core i5 12400F,VGA MSI GeForce RTX 3050 VENTUS 2X 6G OC,RAM PC ADATA XPG D50 RGB 8GB (1x8GB) 3200MHz DDR4,,,,8GB,,Ổ cứng SSD Kingston NV3 PCIe 4.0 NVMe 500GB,Mainboard MSI Pro B760M-E DDR4,,B760M,,,,,
https://cellphones.com.vn/pc-cps-creator-ai-a770.html,PC CPS Creator AI A770 AMD Ryzen 7 7700X / RTX 5070,Hãng khác,Liên hệ,PC.CPS.119,"Mua PC CPS Creator AI A770 AMD Ryzen 7 7700X / RTX 5070 chính hãng - Giá rẻ, đảm bảo chất lượng, độ bền cao, hỗ trợ trả góp 0%, giao hàng miễn phí toàn quốc.",,,,,AMD Ryzen 7 7700X (WOF),VGA MSI GeForce RTX 5070 12GB VENTUS 2X OC,Ram PC Kingston Fury DDR5 5600MHz 32GB (2*16) KF556C40BBK2-32WP,,,,32GB,,Ổ cứng SSD Kingston NV3 PCIe 4.0 NVMe 1TB,Mainboard ASRock B650M Pro RS WiFi D5,,B650M,,"Tản nhiệt nước MSI Mag Coreliquid A13 360x3 Quạt led Xigmatek Infinity Pro 3 (ARGB, 3 Side Infinity)",,,
https://cellphones.com.vn/pc-cps-gaming-g4.html,PC CPS Gaming G04 i5 12400F / 8GB - 256GB / RX 6500,Hãng khác,Liên hệ,PC.GM.04,"Mua ngay PC CPS Gaming G04 giá rẻ - Hỗ trợ trả góp 0%, đổi mới 30 ngày, bảo hành chính hãng, giao hàng tận nơi miễn phí.",,,,,CPU Intel Core i5 12400F,VGA Gigabyte Radeon RX 6500 XT Eagle 4GB GV-R65XTEAGLE-4GD,RAM PC Kingston Fury Beast DDR4 3200MHz 8GB KF432C16BB/8WP,,,,8GB,,Ổ cứng SSD Transcend 110S NVMe PCIe Gen3 x4 256GB,Mainboard MSI Pro H610M-S DDR4,LGA 1700,H610M,,Tản nhiệt khí CPU Jonsbo CR-1200E RGB,,,
https://cellphones.com.vn/pc-cps-asus-gaming-intel-i7-gen-12.html,PC CPS X ASUS Gaming Intel i7 Gen 12 Kèm màn hình,ASUS,Liên hệ,PC.CPS.102,"Mua ngay PC CPS X ASUS Gaming Intel i7 Gen 12 Kèm màn hình giá rẻ - Hỗ trợ trả góp 0%, đổi mới 30 ngày, bảo hành chính hãng, giao hàng tận nơi miễn phí.",,,,,Intel Core i7 12700F,VGA Asus Prime Geforce RTX 5060 Ti 16GB OC PRIME-RTX5060TI-O16G,RAM PC ADATA XPG D50 RGB 16GB (1x16GB) 3200MHz DDR4,,,,16GB,,SSD ADATA LEGEND 860 PCIE GEN4 X4 M.2 2280 (R 6000/W 5000) 500GB,Asus TUF Gaming B760M-PLUS Wifi D4,,,Màn hình Gaming ASUS TUF VG259Q5A 25 inch (FHD/IPS/200HZ/0.3MS),"Quạt led Xigmatek Infinity Pro 3 (ARGB, 3 Side Infinity)",,,
https://cellphones.com.vn/pc-cps-creator-pro-570.html,PC CPS Creator Pro 570 AMD Ryzen 7 5700X / RX 7600,Hãng khác,Liên hệ,PC.CPS.117,"Mua PC CPS Creator Pro 570 AMD Ryzen 7 5700X / RTX 3060 chính hãng - Giá rẻ, đảm bảo chất lượng, độ bền cao, hỗ trợ trả góp 0%, giao hàng miễn phí toàn quốc.",,,,,CPU AMD Ryzen 7 5700X (Tray),VGA Asus Phoenix Radeon RX 7600 OC 8GB DUAL-RX7600-O8G-EVO,RAM PC ADATA XPG D50 RGB 16GB (1x16GB) 3200MHz DDR4,,,,16GB,,SSD Adata Legend 860 PCIe Gen4 X4 M.2 2280 (R 6000/W 5000) 500GB,Mainboard Asus Prime B550M-A,,B550M,,"Tản nhiệt khí Xigmatek EPIX II x3 Quạt led Xigmatek Infinity Pro 3 (ARGB, 3 Side Infinity)",,,
https://cellphones.com.vn/pc-cps-gaming-g10.html,PC CPS Gaming G10 R5 5500 / 8GB - 256GB / RTX 3050,Hãng khác,Liên hệ,PC.GM.10,"Mua ngay PC CPS Gaming G10 giá rẻ - Hỗ trợ trả góp 0%, đổi mới 30 ngày, bảo hành chính hãng, giao hàng tận nơi miễn phí.",,,,,CPU AMD Ryzen 5 5500,VGA MSI GeForce RTX 3050 VENTUS 2X 6G OC,RAM PC Kingston Fury Beast DDR4 3200MHz 8GB KF432C16BB/8WP,,1 x Cổng chuột/bàn phím PS/21 x Cổng D-Sub1 x Cổng HDMI2 x Cổng USB 3.2 Gen1 (Hỗ trợ bảo vệ ESD)4 x Cổng USB 2.0 (Hỗ trợ bảo vệ ESD)1 x RJ- 45 Cổng LAN có đèn LED (Đèn LED ACT/LINK và đèn LED TỐC ĐỘ)Giắc cắm âm thanh HD: Line in / Loa trước / Microphone,,8GB,,Ổ cứng SSD Transcend 110S NVMe PCIe Gen3 x4 256GB,Mainboard MSI B450M-A PRO MAX II,AM4,B450M,,Tản nhiệt khí Xigmatek EPIX II,,,
https://cellphones.com.vn/pc-cps-gaming-g08.html,PC CPS Gaming G08 i5 12400F / 8GB - 256GB / RX 7600,intel,Liên hệ,PC.GM.08,"Mua ngay PC CPS Gaming G08 giá rẻ - Hỗ trợ trả góp 0%, đổi mới 30 ngày, bảo hành chính hãng, giao hàng tận nơi miễn phí.",,,,,Intel Core i5-12400F,VGA Asus Phoenix Radeon RX 7600 OC 8GB DUAL-RX7600-O8G-EVO,ADATA XPG D50 RGB 8GB (1x8GB) 3200MHz DDR4,,1 x Cổng chuột/bàn phím PS/21 x Cổng D-Sub1 x Cổng HDMI2 x Cổng USB 3.2 Gen1 (Hỗ trợ bảo vệ ESD)4 x Cổng USB 2.0 (Hỗ trợ bảo vệ ESD)1 x RJ- 45 Cổng LAN có đèn LED (Đèn LED ACT/LINK và đèn LED TỐC ĐỘ)Giắc cắm âm thanh HD: Line in / Loa trước / Microphone,,8GB,,Ổ cứng SSD Transcend 110S NVMe PCIe Gen3 x4 256GB,Mainboard Asus Prime B760M-A DDR4,LGA 1700,B760M,,Tản nhiệt khí Xigmatek EPIX II,,,
https://cellphones.com.vn/may-tinh-pc-cps-do-hoa-d07.html,PC CPS Đồ Hoạ D07 i5 14600K / 16GB - 512GB / RTX 5060,intel,Liên hệ,may-tinh-pc-cps-do-hoa-d07,"Mua PC CPS Đồ Hoạ D07 chính hãng - Giá rẻ, đảm bảo chất lượng, độ bền cao, hỗ trợ trả góp 0%, giao hàng miễn phí toàn quốc.",,,,,Intel Core i5 14600K,VGA MSI Geforce RTX 5060 8GB Shadow 2X OC,RAM PC ADATA XPG D50 RGB 16GB (1x16GB) 3200MHz DDR4,,,,16GB,,Ổ cứng SSD Transcend 110S NVMe PCIe Gen3 x4 512GB,Mainboard MSI PRO B760M-A WIFI DDR4,LGA 1700,B760M,,"Tản nhiệt nước Xigmatek Fenix II 240x3 Quạt led Xigmatek Infinity Pro 3 (ARGB, 3 Side Infinity)",,,
https://cellphones.com.vn/pc-van-phong-cps-amd-r5-3400g.html,PC CPS văn phòng AMD R5 3400G kèm màn hình,AMD,Liên hệ,PC.CPS.142,"Mua PC CPS văn phòng AMD R5 3400G kèm màn hình chính hãng - Giá rẻ, đảm bảo chất lượng, độ bền cao, hỗ trợ trả góp 0%, giao hàng miễn phí toàn quốc.",,,,,CPU AMD Ryzen 5 3400G,,Ram PC VSP DDR4 3200MHZ 8GB (1*8GB),,,,8GB,,Ổ cứng SSD VSP 860G SATA III 2.5&quot; 256GB,Mainboard ASRock A520M/AC D4 AM4 Wifi,,A520M,Màn hình Aiwa AW-MF2228-Y 22 inch,,,,
https://cellphones.com.vn/pc-cps-van-phong-s2.html,PC CPS văn phòng S02 i3 12100 / 8GB - 256GB,Hãng khác,Liên hệ,PC.VP.02,"Mua ngay PC CPS văn phòng S2 giá rẻ - Hỗ trợ trả góp 0%, đổi mới 30 ngày, bảo hành chính hãng, giao hàng tận nơi miễn phí.",,,,,Intel Core i3 12100,Onboard,Ram PC VSP DDR4 3200MHZ 8GB (1*8GB),,,,8GB,,Ổ cứng SSD VSP 860G SATA III 2.5&quot; 256GB,H610M,Intel LGA 1700,H610M,,,,,
https://cellphones.com.vn/pc-asus-v501mv-03100u014w.html,PC ASUS V501MV-03100U014W,ASUS,Liên hệ,pc-asus-v501mv-03100u014w,"Mua PC ASUS V501MV-03100U014W chính hãng - Giá rẻ, đảm bảo chất lượng, độ bền cao, hỗ trợ giao hàng tận nơi toàn quốc.",Intel Graphics,DDR5 SO-DIMM,"2 x DDR5 SO-DIMM slot, tối đa 64GB",512GB SSD M.2 2280 NVMe PCIe,,,,Windows 11 Home,,"Intel Core 3 100U (lên tới 4.7 GHz / 10MB / 6 nhân, 8 luồng)",8GB,Mặt trước:1 x jack 3.5mm1 x jack 3.5mm combo1 x USB-C 3.2 Gen 2 x USB-A 3.2 Gen 12 x USB-A 3.2 Gen 2Mặt sau:1 x RJ451 x HDMI 1.41 x DisplayPort 1.41 x âm thanh 7.1 kênh1 x khe khóa bảo mật Kensington,,,,,,,,,
https://cellphones.com.vn/pc-cps-quantum-blaze-5070-ti.html,PC CPS Quantum Blaze 5070 Ti,intel,Liên hệ,PC.CPS.114,"Mua ngay PC CPS Quantum Blaze 5070 Ti giá rẻ - Hỗ trợ trả góp 0%, đổi mới 30 ngày, bảo hành chính hãng, giao hàng tận nơi miễn phí.",,,,,CPU Intel Core i9 14900KF,VGA MSI GeForce RTX 5070 Ti 16G Shadow 3X OC,Ram PC Kingston Fury DDR5 5600MHz 32GB (2*16) KF556C40BBK2-32WP,,,,32GB,,Ổ cứng SSD Kingston NV3 PCIe 4.0 NVMe 1TB,Mainboard ASRock Z790 Pro RS Wifi D5,,,,Tản nhiệt nước MSI Mag Coreliquid A13 360Quạt tản nhiệt Corsair RS120 3 Pack,,,
https://cellphones.com.vn/pc-mini-asus-nuc-14-essential-intel-core-n97.html,PC Mini ASUS NUC 14 Essential RNUC14MNK9700000,ASUS,Liên hệ,PC.AS.12,"Mua ngay PC Mini ASUS NUC 14 Essential RNUC14MNK9700000 giá rẻ - Hỗ trợ trả góp 0%, đổi mới 30 ngày, bảo hành chính hãng, giao hàng tận nơi miễn phí.",Intel Graphics,,,,,,,No OS,"1 x USB 3.2 Gen2 Type-C w/ DisplayPort 1.4
2 x USB 3.2 Gen 2 Type-A
1 x USB 2.0 Type-A
1 x HDMI 2.1 (TMDS)
1 x DisplayPort 1.4
1 x RJ45 LAN
1 x DC-in","Intel N97, cTDP 12W",,"LAN: 1 x Realtek Ethernet Controller RTL8125BG-CG, 2.5G",,,,,,,,,
https://cellphones.com.vn/may-tinh-pc-cps-do-hoa-d06.html,PC CPS Đồ Hoạ D06 i5 14400F / 16GB - 256GB / RTX 3050,intel,Liên hệ,may-tinh-pc-cps-do-hoa-d06,"Mua PC CPS Đồ Hoạ D06 chính hãng - Giá rẻ, đảm bảo chất lượng, độ bền cao, hỗ trợ trả góp 0%, giao hàng miễn phí toàn quốc.",,,,,Intel Core i5-14400F,RTX 3050 VENTUS 2X 6G OC,RAM PC ADATA XPG D50 RGB 16GB (1x16GB) 3200MHz DDR4,,,,16GB,,Ổ cứng SSD Transcend 110S NVMe PCIe Gen3 x4 256GB,Mainboard MSI Pro B760M-E DDR4,LGA 1700,B760M,,Tản nhiệt khí Xigmatek EPIX II,,,
https://cellphones.com.vn/pc-asus-expertcenter-s503mer-514400060w.html,PC Asus ExpertCenter S503MER-514400060W,ASUS,Liên hệ,PC.AS.15,"Mua ngay PC Asus ExpertCenter S503MER-514400060W giá rẻ - Hỗ trợ trả góp 0%, đổi mới 30 ngày, bảo hành chính hãng, giao hàng tận nơi miễn phí.",Intel UHD Graphics 730,DDR5 U-DIMM,2 khe (1 khe 8GB + 1 khe trống),512GB M.2 2280 NVMe™ PCIe® 4.0,,,,Windows 11 Home,"1 x Headphone1 x 3.5mm combo audio jack2 x USB 2.0 Type-A2 x USB 3.2 Gen 2 Type-A1 x RJ45 Gigabit Ethernet1 x HDMI 1.41 x VGA Port1 x 7.1 channel audio (microphone, line-out, Line-in)1 x Kensington lock1 x Padlock loop2 x USB 2.0 Type-A2 x USB 3.2 Gen 1 Type-A",Intel Core i5-14400,8GB,,,,,,,,,,
https://cellphones.com.vn/pc-rosa-office-amd-r5-5500gt.html,PC Rosa Office 5500GT,Rosa,Liên hệ,pc-rosa-office-amd-r5-5500gt,"Mua ngay PC Rosa Office 5500GT giá rẻ - Hỗ trợ trả góp 0%, đổi mới 30 ngày, bảo hành chính hãng, giao hàng tận nơi miễn phí.",Radeon Vega 8,DDR4 8GB 3200Hz,1 x 8GB,SSD 240G/256G 2.5&quot; SATA,,,,Window 11 Pro,,AMD Ryzen 5 5500GT,8GB,,,AMD A520,,,,Wraith Stealth,,,
https://cellphones.com.vn/pc-cps-quantum-blaze-5070.html,PC CPS Quantum Blaze 5070,intel,Liên hệ,PC.CPS.113,"Mua ngay PC CPS Quantum Blaze 5070 giá rẻ - Hỗ trợ trả góp 0%, đổi mới 30 ngày, bảo hành chính hãng, giao hàng tận nơi miễn phí.",,,,,Intel Core i7 14700K (SN),VGA MSI GeForce RTX 5070 12GB VENTUS 2X OC,Ram PC Kingston Fury DDR5 5600MHz 32GB (2*16) KF556C40BBK2-32WP,,,,32GB,,Ổ cứng SSD Kingston NV3 PCIe 4.0 NVMe 1TB,Mainboard MSI Z790 Gaming Plus WF DDR5,,Z790,,"Tản nhiệt nước MSI Mag Coreliquid A13 360x3 Quạt led Xigmatek Infinity Pro 3 (ARGB, 3 Side Infinity)",,,
https://cellphones.com.vn/pc-cps-creator-ultra-ai-a149.html,PC CPS Creator Ultra AI A149 i9-14900KF / RTX 5070 Ti,intel,Liên hệ,PC.CPS.122,"Mua PC CPS Creator Ultra AI A149 i9-14900K / RTX 5070 Ti chính hãng - Giá rẻ, đảm bảo chất lượng, độ bền cao, hỗ trợ trả góp 0%, giao hàng miễn phí toàn quốc.",,,,,CPU Intel Core i9 14900KF,VGA MSI Geforce RTX 5070 Ti 16G Ventus 3X OC,PC Kingston Fury Beast RGB DDR5 5600MHz 64GB (2x32GB),,,,64GB,,SSD Kingston SKC3000 M.2 PCIe Gen 4 NVMe 1TB (SN),MSI Z790 Gaming Plus WF DDR5,,Z790,,Tản Nhiệt Nước Corsair iCUE Link Titan 360 RX RGB Đen Fan Case Corsair RS120 ARGB Black (3 Pack),,,
https://cellphones.com.vn/may-tinh-all-in-one-msi-pro-ap242-12m-213vn.html,Máy tính All In One văn phòng MSI PRO-AP242-12M-213VN,MSI,Liên hệ,may-tinh-all-in-one-msi-pro-ap242-12m-213vn,"Mua  Máy tính All In One văn phòng MSI PRO-AP242-12M-213VN  giá rẻ - Hỗ trợ trả góp 0%, đổi mới 30 ngày, bảo hành chính hãng, giao hàng tận nơi miễn phí.",Intel UHD Graphics,DDR4 ,"2 x DDR4 3200MHz SO-DIMMs, hỗ trợ đến 64GB",SSD 250GB,,,,Windows 11 Home SL,1x USB 3.2 Gen 2 Type C 1x USB 3.2 Gen 2 Type A 2x USB 3.2 Gen 1 Type A 2x USB 2.0 Type A 1x RJ45 1x HDMI 1x DP 1x Mic- vào,Intel® Core™ i5 12400,8GB,,,,,,,,23.8 inches,,1920 x 1080 pixels (FullHD)
https://cellphones.com.vn/pc-cps-gaming-amd-r565-kem-man-hinh.html,PC CPS Gaming AMD R565 kèm màn hình,Hãng khác,Liên hệ,PC.CPS.140,"Mua PC CPS Gaming AMD R565 kèm màn hình chính hãng - Giá rẻ, đảm bảo chất lượng, độ bền cao, hỗ trợ giao hàng tận nơi toàn quốc.",,,,,AMD Ryzen 5 5500,VGA Gigabyte Radeon RX 6500 XT Eagle 4GB GV-R65XTEAGLE-4GD,RAM PC Kingston Fury Beast DDR4 3200MHz 8GB KF432C16BB/8WP,,,,8GB,,Ổ cứng SSD Transcend 110S NVMe PCIe Gen3 x4 256GB,MSI B450M-A PRO MAX II,,B450M,Màn hình Gaming ASUS TUF VG259Q5A 25 inch,,,,
https://cellphones.com.vn/pc-cps-do-hoa-d3.html,PC CPS Đồ Hoạ D03 i7 14700F / 16GB - 256GB / RTX 3050,Hãng khác,Liên hệ,PC.DH.03,"Mua ngay PC CPS đồ họa D3 giá rẻ - Hỗ trợ trả góp 0%, đổi mới 30 ngày, bảo hành chính hãng, giao hàng tận nơi miễn phí.",,,,,Intel Core i7-14700F ,VGA MSI GeForce RTX 3050 VENTUS 2X 6G OC,RAM PC ADATA XPG D50 RGB 16GB (1x16GB) 3200MHz DDR4,,,,,,Ổ cứng SSD Transcend 110S NVMe PCIe Gen3 x4 256GB,Mainboard MSI PRO B760M-A WIFI DDR4,LGA 1700,B760M,,"Tản nhiệt khí Xigmatek EPIX IIx3 Quạt led Xigmatek Infinity Pro 3 (ARGB, 3 Side Infinity)",,,
https://cellphones.com.vn/may-tinh-all-in-one-asus-a3202wbak-wpb018w.html,Máy tính AIO ASUS A3202WBAK-WPB018W,ASUS,Liên hệ,may-tinh-all-in-one-asus-a3202wbak-wpb018w,"Mua ngay Máy tính AIO ASUS A3202WBAK-WPB018W giá rẻ - Hỗ trợ trả góp 0%, đổi mới 30 ngày, bảo hành chính hãng, giao hàng tận nơi miễn phí.",Intel UHD Graphics,DDR4 3200Mhz,2 khe,512GB M.2 NVMe™ PCIe® 3.0 SSD,,,,Windows 11 Home ,"1x DC-in
1x RJ45 Gigabit Ethernet
1x HDMI out 1.4
3x USB 3.2 Gen 1 Type-A
1x USB 2.0 Type-A
1x USB 3.2 Gen 1 Type-C","Intel Core i3-1215U (10MB, up to 4.4GHz, 6 nhân 8 luồng)",8GB,,,,,,,,21.45 inches, Anti-glare display,1920 x 1080 pixels (FullHD)
https://cellphones.com.vn/may-tinh-aio-asus-vm640ga-wpc009w.html,Máy tính AIO ASUS VM640GA-WPC009W,ASUS,Liên hệ,may-tinh-aio-asus-vm640ga-wpc009w,"Mua Máy tính AIO ASUS VM640GA-WPC009W  chính hãng - Giá rẻ, đảm bảo chất lượng, độ bền cao, hỗ trợ giao hàng tận nơi toàn quốc.",AMD Radeon 840M,DDR5 SO-DIMM,"2 x SO-DIMM, up to 64GB",512GB SSD M.2 NVMe PCIe 4.0 SSD,,,,Windows 11 Home,,"AMD Ryzen AI 5 430 (2.0 GHz - 4.5GHz / 12MB / 4 nhân, 8 luồng)",16GB,Mặt Sau:3 x USB-A 3.2 Gen 11 x USB-C 3.2 Gen 11 x HDMI 2.1b1 x HDMI in 1.41 x RJ45 Gigabit Ethernet1 x Nguồn vào DCMặt Bên:1 x Kensington lock1 x 3.5mm combo audio jack1 x USB-A 2.0,,,,,,,23.8 inches,16:9Tầm nhìn rộngChống chói loáLED BacklitĐộ sáng 250nits100% sRGBScreen-to-body ratio 93%,1080 x 1920 pixels (FullHD)
https://cellphones.com.vn/pc-cps-gaming-g12.html,PC CPS Gaming G12 i5 12400F / 16GB - 256GB / RX 7600,intel,Liên hệ,PC.GM.12,"Mua ngay PC CPS Gaming G12 giá rẻ - Hỗ trợ trả góp 0%, đổi mới 30 ngày, bảo hành chính hãng, giao hàng tận nơi miễn phí.",,,,,Intel Core i5-12400F,VGA Asus Phoenix Radeon RX 7600 OC 8GB DUAL-RX7600-O8G-EVO,RAM PC ADATA XPG D50 RGB 16GB (1x16GB) 3200MHz DDR4,,HDMIVGABàn phím / ChuộtUSB 3.2 Thế hệ 1 5Gbps (Loại A)LANCổng âm thanh2 x USB 2.0,,16GB,,Ổ cứng SSD Transcend 110S NVMe PCIe Gen3 x4 256GB,Mainboard MSI Pro B760M-E DDR4,LGA 1700,B760M,,Tản nhiệt khí Xigmatek EPIX II,,,
https://cellphones.com.vn/pc-cps-asus-gaming-intel-i3-gen-12.html,PC CPS X ASUS Gaming Intel i3 Gen 12 Kèm màn hình,ASUS,Liên hệ,PC.CPS.100,"Mua ngay PC CPS X ASUS Gaming Intel i3 Gen 12 Kèm màn hình giá rẻ - Hỗ trợ trả góp 0%, đổi mới 30 ngày, bảo hành chính hãng, giao hàng tận nơi miễn phí.",,,,,Intel Core i3 12100F,Asus Dual Radeon RX 6500 XT OC 4GB DUAL-RX6500XT-O4G-V2,RAM PC Kingston Fury Beast DDR4 3200MHz 8GB KF432C16BB/8WP,,,,8GB,,Ổ cứng SSD Transcend 110S NVMe PCIe Gen3 x4 256GB,Asus PRIME H610M-K D4,,H610M,Màn hình Gaming ASUS TUF VG249QE5A 24 inch (FHD/IPS/146HZ/1MS),,,,
https://cellphones.com.vn/may-tinh-aio-asus-e3202wvak-bpb008w.html,Máy tính AIO ASUS E3202WVAK-BPB008W,ASUS,Liên hệ,may-tinh-aio-asus-e3202wvak-bpb008w,"Mua ngay Máy tính AIO ASUS E3202WVAK-BPB008W giá rẻ - Hỗ trợ trả góp 0%, đổi mới 30 ngày, bảo hành chính hãng, giao hàng tận nơi miễn phí.",Intel UHD Graphics,DDR4 SO-DIMM,Bộ nhớ tối đa lên tới 64GB DDR4,"SSD 512GB M.2 NVMe PCIe 3.0, Không có HDD",,,,Windows 11 Home,"1x DC-in
1x RJ45 Gigabit Ethernet
1x HDMI ra 1.4
1x HDMI vào 1.4
3x USB 3.2 Gen 1 Type-A
1x USB 2.0 Type-A
1x USB 3.2 Gen 1 Type-C","Intel Core i3-1315U 1.2 GHz (10M Cache, up to 4.5 GHz, 6 lõi)",8GB,,,,,,,,21.45 inches,Tỷ lệ màn hình 16:9  Góc nhìn rộngMàn hình chống chói Đèn nền LEDĐộ sáng 250 nitĐộ phủ màu sRGB: 100% Tỷ lệ màn hình trên kích thước 86%,1920 x 1080 pixels (FullHD)
https://cellphones.com.vn/pc-cps-msi-gaming-amd-r5.html,PC CPS X MSI Gaming AMD R5 Kèm màn hình,MSI,Liên hệ,PC.CPS.98,"Mua ngay PC CPS X MSI Gaming AMD R5 Kèm màn hình giá rẻ - Hỗ trợ trả góp 0%, đổi mới 30 ngày, bảo hành chính hãng, giao hàng tận nơi miễn phí.",,,,,AMD Ryzen 5 5500,GeForce RTX 3050 VENTUS 2X 6G OC,RAM PC Kingston Fury Beast DDR4 3200MHz 8GB KF432C16BB/8WP,,,,8GB,,Ổ cứng SSD Transcend 110S NVMe PCIe Gen3 x4 256GB,Mainboard MSI B450M-A Pro Max II,,,Màn hình Gaming MSI MAG 245PF X24 24 inch,,,,
https://cellphones.com.vn/pc-cps-creator-ultra-ai-a950.html,PC CPS Creator Ultra AI A950 AMD Ryzen 9 9950X3D / RTX 5070 Ti,Hãng khác,Liên hệ,PC.CPS.123,"Mua PC CPS Creator Ultra AI A950 AMD Ryzen 9 9950X / RTX 5070 Ti chính hãng - Giá rẻ, đảm bảo chất lượng, độ bền cao, hỗ trợ trả góp 0%, giao hàng miễn phí toàn quốc.",,,,,CPU AMD Ryzen 9 9950X3D,VGA MSI Geforce RTX 5070 Ti 16G Ventus 3X OC,PC Kingston Fury Beast RGB DDR5 5600MHz 64GB (2x32GB),,,,64GB,,SSD Kingston SKC3000 M.2 PCIe Gen 4 NVMe 1TB (SN),Mainboard Asrock X870 Pro RS Wifi D5,,X670E,,Tản Nhiệt Nước Corsair iCUE Link Titan 360 RX RGB Đen Fan Case Corsair RS120 ARGB Black (3 Pack),,,
https://cellphones.com.vn/pc-cps-van-phong-s4.html,PC CPS văn phòng S04 i5 12500 / 8GB - 256GB,Hãng khác,Liên hệ,PC.VP.04,"Mua ngay PC CPS văn phòng S04 giá rẻ - Hỗ trợ trả góp 0%, đổi mới 30 ngày, bảo hành chính hãng, giao hàng tận nơi miễn phí.",,,,,CPU Intel Core i5-12500,Onboard,Ram PC VSP DDR4 3200MHZ 8GB (1*8GB),,,,8GB,,Ổ cứng SSD VSP 860G SATA III 2.5&quot; 256GB,Mainboard ASRock H610M-HVS/M.2 R2.0,LGA 1700,H610M,,,,,
https://cellphones.com.vn/pc-cps-gaming-g5.html,PC CPS Gaming G05 i3 12100F / 8GB - 256GB / RX 7600,Hãng khác,Liên hệ,PC.GM.05,"Mua ngayPC CPS Gaming G5 giá rẻ - Hỗ trợ trả góp 0%, đổi mới 30 ngày, bảo hành chính hãng, giao hàng tận nơi miễn phí.",,,,,Intel Core i3-12100F,VGA Asus Phoenix Radeon RX 7600 OC 8GB DUAL-RX7600-O8G-EVO,RAM PC Kingston Fury Beast DDR4 3200MHz 8GB KF432C16BB/8WP,,,,16GB,,Ổ cứng SSD Transcend 110S NVMe PCIe Gen3 x4 256GB,Mainboard MSI Pro H610M-S DDR4,LGA 1700,H610M,,,,,
https://cellphones.com.vn/pc-cps-do-hoa-d4.html,PC CPS Đồ Hoạ D04 i7 14700F / 16GB - 512GB / RTX 5060,Hãng khác,Liên hệ,PC.DH.04,"Mua ngay PC CPS đồ họa D4 giá rẻ - Hỗ trợ trả góp 0%, đổi mới 30 ngày, bảo hành chính hãng, giao hàng tận nơi miễn phí.",,,,,Intel Core i7-14700F,VGA MSI Geforce RTX 5060 8GB Shadow 2X OC,RAM PC ADATA XPG D50 RGB 16GB (1x16GB) 3200MHz DDR4,,,,,,Ổ cứng SSD Transcend 110S NVMe PCIe Gen3 x4 512GB,Mainboard MSI PRO B760M-A WIFI DDR4,LGA 1700,B760M,,"Tản nhiệt nước Xigmatek Fenix II 240 x3 Quạt led Xigmatek Infinity Pro 3 (ARGB, 3 Side Infinity)",,,
https://cellphones.com.vn/pc-cps-msi-gaming-intel-i3-gen-12.html,PC CPS X MSI Gaming Intel i3 Gen 12 Kèm màn hình,MSI,Liên hệ,PC.CPS.92,"Mua ngay PC CPS X MSI Gaming Intel i3 Gen 12 Kèm màn hình giá rẻ - Hỗ trợ trả góp 0%, đổi mới 30 ngày, bảo hành chính hãng, giao hàng tận nơi miễn phí.",,,,,Intel Core i3 12100F,MSI GeForce RTX 3050 VENTUS 2X 6G OC,RAM PC ADATA XPG D50 RGB 8GB (1x8GB) 3200MHz DDR4,,,,8GB,,Ổ cứng SSD Transcend 110S NVMe PCIe Gen3 x4 256GB,MAINBOARD MSI PRO H610M-S DDR4,,H610M,Màn hình MSI Pro MP243L E14 24 inch (FHD/IPS/144HZ/1MS),,,,
https://cellphones.com.vn/pc-cps-gaming-g11.html,PC CPS Gaming G11 i3 12100F / 8GB - 256GB / RTX 3050,intel,Liên hệ,PC.GM.11,"Mua ngay PC CPS Gaming G11 giá rẻ - Hỗ trợ trả góp 0%, đổi mới 30 ngày, bảo hành chính hãng, giao hàng tận nơi miễn phí.",Geforce RTX 3050,1 x 8GB DDR4 3200MHz,2 x DDR4,SSD 256GB M2 PCIe,Intel Core i3-12100F,Geforce RTX 3050,RAM PC Kingston Fury Beast DDR4 3200MHz 8GB KF432C16BB/8WP,,HDMIVGABàn phím / ChuộtUSB 3.2 Gen 1 5Gbps Type-ALANAudio connectorUSB 2.0,Intel Core i3-12100F,8GB,,Ổ cứng SSD Transcend 110S NVMe PCIe Gen3 x4 256GB,Mainboard MSI Pro H610M-S DDR4,LGA 1700,H610M,,,,,
https://cellphones.com.vn/pc-cps-creator-pro-146.html,PC CPS Creator Pro 146 i5-14600K / RX 7600,intel,Liên hệ,PC.CPS.116,"Mua PC CPS Creator Pro 146 i5-14600K / RTX 3060 chính hãng - Giá rẻ, đảm bảo chất lượng, độ bền cao, hỗ trợ trả góp 0%, giao hàng miễn phí toàn quốc.",,,,,CPU Intel Core i5 14600K (Tray),VGA Asus Phoenix Radeon RX 7600 OC 8GB DUAL-RX7600-O8G-EVO,RAM PC ADATA XPG D50 RGB 16GB (1x16GB) 3200MHz DDR4,,,,16GB,,SSD Adata Legend 860 PCIe Gen4 X4 M.2 2280 (R 6000/W 5000) 500GB,MSI Pro B760M-A WiFi DDR4,,B760M,,"Tản nhiệt khí Xigmatek EPIX IIQuạt led Xigmatek Infinity Pro 3 (ARGB, 3 Side Infinity)",,,
https://cellphones.com.vn/may-tinh-pc-cps-van-phong-s08.html,PC CPS văn phòng S08 i7 14700 / 16GB - 256GB,intel,Liên hệ,PC.VP.08,"Mua ngay PC CPS văn phòng S08 giá rẻ - Hỗ trợ trả góp 0%, đổi mới 30 ngày, bảo hành chính hãng, giao hàng tận nơi miễn phí.",,,,,CPU Intel Core i7 14700,Onboard ,Ram PC Kingston Fury Beast DDR4 3200MHz 16GB KF432C16BB1/16WP,,,,16GB,,Ổ cứng SSD VSP 860G SATA III 2.5&quot; 256GB,Mainboard MSI Pro B760M-E DDR4,LGA 1700,B760M,,,,,
https://cellphones.com.vn/pc-cps-gaming-amd-r566-kem-man-hinh.html,PC CPS Gaming AMD R566 kèm màn hình,Hãng khác,Liên hệ,PC.CPS.139,"Mua PC CPS Gaming AMD R566 kèm màn hình chính hãng - Giá rẻ, đảm bảo chất lượng, độ bền cao, hỗ trợ giao hàng tận nơi toàn quốc.",,,,,AMD Ryzen 5 5500,VGA MSI Geforce RTX 3050 Ventus 2X E 6G OC,RAM PC Kingston Fury Beast DDR4 3200MHz 8GB KF432C16BB/8WP,,,,8GB,,Ổ cứng SSD Transcend 110S NVMe PCIe Gen3 x4 256GB,MSI B450M-A PRO MAX II,,B450M,Màn hình MSI Pro MP243L E14 24 inch (FHD/IPS/144HZ/1MS),,,,
https://cellphones.com.vn/may-tinh-aio-asus-vm640ga-wpc010w.html,Máy tính AIO ASUS VM640GA-WPC010W,ASUS,Liên hệ,may-tinh-aio-asus-vm640ga-wpc010w,"Mua Máy tính AIO ASUS VM640GA-WPC010W chính hãng - Giá rẻ, đảm bảo chất lượng, độ bền cao, hỗ trợ giao hàng tận nơi toàn quốc.",AMD Radeon 840M,DDR5 SO-DIMM,"2 x SO-DIMM, up to 64GB",512GB SSD M.2 NVMe PCIe 4.0 SSD,,,,Windows 11 Home,,"AMD Ryzen AI 7 445 (2.0 GHz - 4.6GHz / 14MB / 6 nhân, 12 luồng)",16GB,Mặt Sau:3 x USB-A 3.2 Gen 11 x USB-C 3.2 Gen 11 x HDMI 2.1b1 x HDMI in 1.41 x RJ45 Gigabit Ethernet1 x Nguồn vào DCMặt Bên:1 x Kensington lock1 x 3.5mm combo audio jack1 x USB-A 2.0,,,,,,,23.8 inches,16:9Tầm nhìn rộngChống chói loáLED BacklitĐộ sáng 250nits100% sRGBScreen-to-body ratio 93%,1080 x 1920 pixels (FullHD)
https://cellphones.com.vn/pc-cps-gaming-intel-i5-gen-12.html,PC CPS Gaming Intel i5 Gen 12 kèm màn hình - Trắng Hồng,Hãng khác,Liên hệ,PC.CPS.109,"Mua ngay PC CPS Gaming Intel i5 Gen 12 kèm màn hình - Trắng Hồng giá rẻ - Hỗ trợ trả góp 0%, đổi mới 30 ngày, bảo hành chính hãng, giao hàng tận nơi miễn phí.",,,,,CPU Intel Core i5 12400F,VGA MSI GeForce RTX 3050 VENTUS 2X 6G OC,RAM PC ADATA XPG D50 RGB 8GB (1x8GB) 3200MHz DDR4,,,,,,Ổ cứng SSD Transcend 110S NVMe PCIe Gen3 x4 256GB,Mainboard MSI Pro B760M-E DDR4,LGA 1700,B760M,Màn hình ASUS VU249CFE 24 inch,"Tản nhiệt khí Xigmatek EPIX IIx3 Quạt led Xigmatek Infinity Pro 3 (ARGB, 3 Side Infinity)",,,
https://cellphones.com.vn/pc-gaming-cps-x-msi-intel-i5-gen-12-rtx-3060.html,PC CPS x MSI Gaming Intel I5 Gen 12 RTX 3060 12GB,MSI,Liên hệ,PC.CPS.145,"Mua PC CPS x MSI Gaming Intel I5 Gen 12 RTX 3060 12GB chính hãng - Giá rẻ, đảm bảo chất lượng, độ bền cao, hỗ trợ trả góp 0%, giao hàng miễn phí toàn quốc.",,,,,CPU Intel Core i5 12400F,VGA MSI GeForce RTX 3060 VENTUS 2X 12G OC,RAM PC ADATA XPG D50 RGB 16GB (1x16GB) 3200MHz DDR4,,,,16GB,,Ổ cứng SSD Kingston NV3 PCIe 4.0 NVMe 500GB,Mainboard MSI Pro B760M-E DDR4,,B760M,,,,,
https://cellphones.com.vn/may-tinh-pc-mini-asus-nuc-14-pro-revel-canyon-white-u7.html,PC Mini Asus NUC 14 PRO+ Revel Canyon White U7,ASUS,Liên hệ,may-tinh-pc-mini-asus-nuc-14-pro-revel-canyon-white-u7,"Mua ngay PC Mini Asus NUC 14 PRO+ Revel Canyon White U7 giá rẻ - Hỗ trợ trả góp 0%, đổi mới 30 ngày, bảo hành chính hãng, giao hàng tận nơi miễn phí.",Intel Arc Graphics,DDR5,,1 x M.2 2280 PCIe Gen4x4 NVMe 512GB hoặc 1TB SSD *1x Khe cắm SSD M.2 2242 PCIe x4 NVMe cho thẻ bổ sung,,,,No OS,"2 x Thunderbolt 4 Type-C Ports
1 x USB 3.2 Gen 2 Type-A
1 x 2.0 Type-A
2 x HDMI 2.1 (TMDS) ports
1 x RJ45 LAN Port
1 x DC-in
1 x Kensington Lock", Intel Core Ultra 7 155H ,,,,,,,,,,,
https://cellphones.com.vn/may-tinh-pc-mini-asus-nuc-14-pro-revel-canyon-u5.html,PC Mini Asus NUC 14 Pro Revel Canyon U5,ASUS,Liên hệ,may-tinh-pc-mini-asus-nuc-14-pro-revel-canyon-u5,"Mua PC Mini Asus NUC 14 Pro Revel Canyon U5 giá rẻ - Hỗ trợ trả góp 0%, đổi mới 30 ngày, bảo hành chính hãng, giao hàng tận nơi miễn phí.",Intel Arc Graphics ,DDR5 SO-DIMM,"2 x SO-DIMM , DDR5-5600MHz memory, up to 48GB x2","Hỗ trợ khe cắm SSD 1 x M.2 2280 PCIe Gen4x4 NVMe Hỗ trợ khe cắm SSD 1x M.2 2242 PCIe x4 NVMe 1x khe cắm SATA 2,5in cho hỗ trợ SSD/HDD Lưu ý: Chỉ hỗ trợ ổ cứng 2,5&quot; trên SKU CAO",Intel Core Ultra 5 125H,Intel Arc Graphics,DDR5 SO-DIMM,,"2 x Thunderbolt 4 Type-C Ports 
1 x USB 3.2 Gen 2 Type-A 
1 x 2.0 Type-A 
2 x HDMI 2.1 (TMDS) ports 
1 x RJ45 LAN Port 
1 x DC-in",Intel Core Ultra 5 125H,,1x USB-C 3.2 Gen 2x2 20Gbps 2x USB-A 3.2 Gen 2 2x Thunderbolt 4 1x USB-A 3.2 Gen 2 1x USB-A 2.0 2x HDMI 2.1 1x LAN 2.5Gb,,,,,,,,,
https://cellphones.com.vn/may-tinh-pc-cps-van-phong-s06.html,PC CPS Văn Phòng S06 i3 14100 / 16GB - 256GB,intel,Liên hệ,PC.VP.06,"Mua PC CPS Văn Phòng S06 giá rẻ - Hỗ trợ trả góp 0%, đổi mới 30 ngày, bảo hành chính hãng, giao hàng tận nơi miễn phí.",,,,,CPU Intel Core i3 14100,Onboard,Ram PC Kingston Fury Beast DDR4 3200MHz 16GB KF432C16BB1/16WP,,,,16GB,,Ổ cứng SSD VSP 860G SATA III 2.5&quot; 256GB,Mainboard MSI Pro H610M-S DDR4,LGA 1700,H610M,,Tản nhiệt khí CPU Jonsbo CR-1200E RGB,,,
https://cellphones.com.vn/pc-cps-creator-ultra-ai-h149.html,PC CPS Creator Ultra AI H149 i9-14900K / RTX 5090,intel,Liên hệ,PC.CPS.124,"Mua PC CPS Creator Ultra AI H149 i9-14900K / RTX 5090 chính hãng - Giá rẻ, đảm bảo chất lượng, độ bền cao, hỗ trợ trả góp 0%, giao hàng miễn phí toàn quốc.",,,,,Intel Core i9-14900K,VGA MSI Geforce RTX 5090 32G Gaming Trio OC,RAM PC Kingston Fury Beast RGB DDR5 5600MHz 64GB (2x32) KF556C40BB2AK2-64,,,,64GB,,SSD Samsung 990 PRO PCIE Gen 4.0 X4 NVMe (R 7450/W 6900) 1TB,MSI Z790 Gaming Plus WF DDR5,,Z790,,Tản Nhiệt Nước Corsair iCUE Link Titan 360 RX RGB Đen Fan Case Corsair RS120 ARGB Black (3 Pack),,,
https://cellphones.com.vn/may-tinh-pc-cps-van-phong-intel-i5-gen-14.html,PC CPS văn phòng Intel i5 Gen 14 - Kèm màn hình,intel,Liên hệ,PC.CPS.79,"Mua ngay PC CPS văn phòng Intel i5 Gen 14 - Kèm màn hình giá rẻ - Hỗ trợ trả góp 0%, đổi mới 30 ngày, bảo hành chính hãng, giao hàng tận nơi miễn phí.",,,,,"Intel Core i5 14400 (14 lõi / 20 luồng, 2.5 - 4.7 GHz, L2: 9.5 MB / L3: 20 MB, 65W)",Onboard,Ram PC VSP DDR4 3200MHZ 8GB (1*8GB),,,,8GB,,Ổ cứng SSD VSP 860G SATA III 2.5&quot; 256GB,Mainboard MSI Pro H610M-S DDR4,LGA 1700 ,H610M,Màn hình E-Dra EGM24F120PV 24 inch,,24 inches,,1920 x 1080 pixels (FullHD)
https://cellphones.com.vn/may-tinh-pc-cps-van-phong-intel-i5-gen-12.html,PC CPS văn phòng Intel i5 Gen 12 - Kèm màn hình,intel,Liên hệ,PC.CPS.49,"Mua ngay PC CPS văn phòng Intel i5 Gen 12 - Kèm màn hình giá rẻ - Hỗ trợ trả góp 0%, đổi mới 30 ngày, bảo hành chính hãng, giao hàng tận nơi miễn phí.",,,,,CPU Intel Core i5-12500,Onboard,Ram PC VSP DDR4 3200MHZ 8GB (1*8GB),,,,8GB,,Ổ cứng SSD VSP 860G SATA III 2.5&quot; 256GB,Mainboard MSI Pro H610M-S DDR4,LGA 1700,H610M,Màn hình E-Dra EGM24F120PV 24 inch,,,,
https://cellphones.com.vn/pc-asus-v501sv-05210h039w.html,PC ASUS V501SV-05210H039W,ASUS,Liên hệ,pc-asus-v501sv-05210h039w,"Mua PC ASUS V501SV-05210H039W chính hãng - Giá rẻ, đảm bảo chất lượng, độ bền cao, hỗ trợ giao hàng tận nơi toàn quốc.",Intel Graphics,DDR5 5200 MHz SO-DIMM,"2 x DDR5 SO-DIMM slot, tối đa 64GB",512GB SSD M.2 2280 NVMe PCIe,,,,Windows 11 Home,,"Intel Core 5 210H (2.2 - 4.8 GHz / 12MB / 8 nhân, 12 luồng)",8GB,Mặt trước:4 x USB-A 2.01 x Lan (RJ45)1 x DisplayPort 1.41 x HDMI 1.41x 7.1 channel audioMặt sau:2 x USB 3.2-A Gen 21 x Headphone2 x USB 3.2-A Gen 11 x USB 3.2-C Gen 21 x Jack tai nghe 3.5 mm1 x U,,,,,,,,,
https://cellphones.com.vn/pc-cps-asus-gaming-intel-i5-gen-14.html,PC CPS X ASUS Gaming Intel i5 Gen 14 Kèm màn hình,ASUS,Liên hệ,PC.CPS.104,"Mua ngay PC CPS X ASUS Gaming Intel i5 Gen 14 Kèm màn hình giá rẻ - Hỗ trợ trả góp 0%, đổi mới 30 ngày, bảo hành chính hãng, giao hàng tận nơi miễn phí.",,,,,Intel Core i5 14400F,VGA Asus Phoenix Radeon RX 7600 OC 8GB DUAL-RX7600-O8G-EVO,RAM PC ADATA XPG D50 RGB 8GB (1x8GB) 3200MHz DDR4,,,,8GB,,Ổ cứng SSD Transcend 110S NVMe PCIe Gen3 x4 256GB,Asus Prime B760M-A DDR4,,B760M,Màn hình Gaming ASUS TUF VG259Q5A 25 inch (FHD/IPS/200HZ/0.3MS),,,,
https://cellphones.com.vn/pc-cps-msi-gaming-intel-i7-gen-14.html,PC CPS X MSI Gaming Intel i7 Gen 14 Kèm màn hình,MSI,Liên hệ,PC.CPS.97,"Mua ngay PC CPS X MSI Gaming Intel i7 Gen 14 Kèm màn hình giá rẻ - Hỗ trợ trả góp 0%, đổi mới 30 ngày, bảo hành chính hãng, giao hàng tận nơi miễn phí.",,,,,Intel Core i7 14700F,VGA MSI Geforce RTX 5060 8GB Shadow 2X OC,RAM PC GSkill Trident Z5 RGB DDR5 6000Mhz 16GB (1*16GB) F5-6000J3636F16GX1-TZ5RK,,,,16GB,,SSD ADATA LEGEND 860 PCIE GEN4 X4 M.2 2280 (R 6000/W 5000) 500GB,Mainboard MSI B760M Gaming WIFI DDR5,,B760M,Màn hình Gaming MSI MAG 245PF X24 24 inch,Tản nhiệt nước MSI Mag Coreliquid A13 360,,,
https://cellphones.com.vn/pc-cps-gaming-g2.html,PC CPS Gaming G02 i3 12100F / 8GB - 256GB / RTX 3050,Hãng khác,Liên hệ,PC.GM.02,"Mua ngay PC CPS Gaming G2 giá rẻ - Hỗ trợ trả góp 0%, đổi mới 30 ngày, bảo hành chính hãng, giao hàng tận nơi miễn phí.",,,,,Intel Core i3-12100F,GeForce RTX 3050 VENTUS 2X 6G OC,RAM PC Kingston Fury Beast DDR4 3200MHz 8GB KF432C16BB/8WP,,,,8GB,,Ổ cứng SSD Transcend 110S NVMe PCIe Gen3 x4 256GB,Mainboard MSI Pro H610M-S DDR4,LGA 1700,H610M,,,,,
https://cellphones.com.vn/pc-cps-do-hoa-d2.html,PC CPS Đồ Hoạ D02 i5 12400F / 16GB - 512GB / RTX 5060,Hãng khác,Liên hệ,PC.DH.02,"Mua ngay PC CPS đồ họa D2 giá rẻ - Hỗ trợ trả góp 0%, đổi mới 30 ngày, bảo hành chính hãng, giao hàng tận nơi miễn phí.",,,,,Intel Core i5-12400F,VGA MSI Geforce RTX 5060 8GB Shadow 2X OC,RAM PC ADATA XPG D50 RGB 16GB (1x16GB) 3200MHz DDR4,,,,16GB,,Ổ cứng SSD Transcend 110S NVMe PCIe Gen3 x4 512GB,Mainboard MSI Pro B760M-E DDR4,LGA 1700,B760M,,Tản nhiệt khí Xigmatek EPIX II,,,
https://cellphones.com.vn/pc-cps-gaming-g09.html,PC CPS Gaming G09 i3 12100F / 8GB - 256GB / RTX 3050,intel,Liên hệ,PC.GM.09,"Mua ngay PC CPS Gaming G09 giá rẻ - Hỗ trợ trả góp 0%, đổi mới 30 ngày, bảo hành chính hãng, giao hàng tận nơi miễn phí.",,,,,Intel Core i3-12100F,VGA MSI GeForce RTX 3050 VENTUS 2X 6G OC,RAM PC Kingston Fury Beast DDR4 3200MHz 8GB KF432C16BB/8WP,,,,8GB,,Ổ cứng SSD Transcend 110S NVMe PCIe Gen3 x4 256GB,Mainboard MSI Pro H610M-S DDR4,LGA 1700,H610M,,,,,
https://cellphones.com.vn/pc-cps-gaming-g1.html,PC CPS Gaming G01 i3 12100F / 8GB - 256GB / RX 6500 XT,Hãng khác,Liên hệ,PC.GM.01,"Mua ngay PC CPS Gaming G01 giá rẻ - Hỗ trợ trả góp 0%, đổi mới 30 ngày, bảo hành chính hãng, giao hàng tận nơi miễn phí.",,,,,Intel Core i3 12100F,VGA Gigabyte Radeon RX 6500 XT Eagle 4GB GV-R65XTEAGLE-4GD,RAM PC Kingston Fury Beast DDR4 3200MHz 8GB KF432C16BB/8WP,,,,8GB,,Ổ cứng SSD Transcend 110S NVMe PCIe Gen3 x4 256GB,Mainboard MSI Pro H610M-S DDR4,LGA 1700,H610M,,,,,
https://cellphones.com.vn/pc-cps-creator-ultra-ai-h950.html,PC CPS Creator Ultra AI H950 AMD Ryzen 9 9950X3D/ RTX 5090,Hãng khác,Liên hệ,PC.CPS.125,"Mua PC CPS Creator Ultra AI H950 AMD Ryzen 9 9950X / RTX 5090 chính hãng - Giá rẻ, đảm bảo chất lượng, độ bền cao, hỗ trợ trả góp 0%, giao hàng miễn phí toàn quốc.",,,,,AMD Ryzen 9 9950X3D,VGA MSI Geforce RTX 5090 32G Gaming Trio OC,RAM PC Kingston Fury Beast RGB DDR5 5600MHz 64GB (2x32) KF556C40BB2AK2-64,,,,64GB,,Ổ cứng SSD Kingston SKC3000 M2 PCIe NVME Gen 4 1TB,Mainboard Asrock X870 Pro RS Wifi D5,,X670E,,Tản Nhiệt Nước Corsair iCUE Link Titan 360 RX RGB Đen Fan Case Corsair RS120 ARGB Black (3 Pack),,,
https://cellphones.com.vn/pc-cps-van-phong-s1-amd.html,PC CPS văn phòng S01 R3 3200G / 8GB - 256GB,Hãng khác,Liên hệ,PC.VP.01,"Mua ngay PC CPS Văn Phòng S01 giá rẻ - Hỗ trợ trả góp 0%, đổi mới 30 ngày, bảo hành chính hãng, giao hàng tận nơi miễn phí.",,,,,CPU AMD Ryzen 3 3200G,Onboard,Ram PC VSP DDR4 3200MHZ 8GB (1*8GB),,,,8GB,,Ổ cứng SSD VSP 860G SATA III 2.5&quot; 256GB,Mainboard ASRock A520M/AC D4 AM4 Wifi,AM4,A520M,,,,,
https://cellphones.com.vn/pc-cps-gaming-g3-amd.html,PC CPS Gaming G03 R5 5500 / 8GB - 256GB / RX 6500,Hãng khác,Liên hệ,PC.GM.03,"Mua ngay PC CPS Gaming G3 - AMD giá rẻ - Hỗ trợ trả góp 0%, đổi mới 30 ngày, bảo hành chính hãng, giao hàng tận nơi miễn phí.",,,,,AMD Ryzen 5 5500,VGA Gigabyte Radeon RX 6500 XT Eagle 4GB GV-R65XTEAGLE-4GD,RAM PC Kingston Fury Beast DDR4 3200MHz 8GB KF432C16BB/8WP,,,,,,Ổ cứng SSD Transcend 110S NVMe PCIe Gen3 x4 256GB,B550M,AMD AM4,B550M,,,,,
https://cellphones.com.vn/pc-cps-creator-ai-a147.html,PC CPS Creator AI A147 i7-14700K / RTX 5070,intel,Liên hệ,PC.CPS.118,"Mua PC CPS Creator AI A147 i7-14700K / RTX 5070 chính hãng - Giá rẻ, đảm bảo chất lượng, độ bền cao, hỗ trợ trả góp 0%, giao hàng miễn phí toàn quốc.",,,,,Intel Core i7-14700K (SN),VGA MSI GeForce RTX 5070 12GB VENTUS 2X OC,Ram PC Kingston Fury DDR5 5600MHz 32GB (2*16) KF556C40BBK2-32WP,,,,32GB,,Ổ cứng SSD Kingston NV3 PCIe 4.0 NVMe 1TB,ASUS TUF Gaming B760M-Plus WiFi D5 (SN),,B760M,,"Tản nhiệt nước MSI Mag Coreliquid A13 360x3 Quạt led Xigmatek Infinity Pro 3 (ARGB, 3 Side Infinity)",,,
https://cellphones.com.vn/pc-van-phong-cps-intel-i3-gen-12.html,PC CPS văn phòng Intel I3 Gen 12 kèm màn hình,intel,Liên hệ,PC.CPS.141,"Mua PC CPS văn phòng Intel I3 Gen 12 kèm màn hình chính hãng - Giá rẻ, đảm bảo chất lượng, độ bền cao, hỗ trợ trả góp 0%, giao hàng miễn phí toàn quốc.",,,,,CPU Intel Core i3 12100,,Ram PC VSP DDR4 3200MHZ 8GB (1*8GB),,,,8GB,,Ổ cứng SSD VSP 860G SATA III 2.5&quot; 256GB,Mainboard ASRock H610M-HVS/M.2 R2.0,,H610M,Màn hình Aiwa AW-MF2228-Y 22 inch,Tản nhiệt khí CPU Jonsbo CR-1200E RGB,,,
https://cellphones.com.vn/pc-cps-gaming-amd-r760.html,PC CPS Gaming AMD R760 kèm màn hình,Hãng khác,Liên hệ,CPU.AM.54,"Mua PC CPS Gaming AMD R760 kèm màn hình chính hãng - Giá rẻ, đảm bảo chất lượng, độ bền cao, hỗ trợ trả góp 0%, giao hàng miễn phí toàn quốc.",,,,,AMD Ryzen 5 7600,Asus Phoenix Radeon RX 7600 OC 8GB DUAL-RX7600-O8G-EVO,Ram PC Kingston Fury DDR5 5600MHz 16GB (1*16) KF556C40BB-16WP,,,,16GB,,SSD Kingston NV3 PCIe 4.0 NVMe 500GB,ASUS PRIME B650M-K,,B650M,Màn hình Gaming E-DRA EGM27Q165P 27 inch (2K/IPS/165HZ/0.5MS),,,,
https://cellphones.com.vn/may-tinh-pc-asus-s500te-313100020w.html,PC văn phòng Asus S500TE-313100020W,ASUS,Liên hệ,may-tinh-pc-asus-s500te-313100020w,"Mua ngay PC văn phòng Asus S500TE-313100020W giá rẻ - Hỗ trợ trả góp 0%, đổi mới 30 ngày, bảo hành chính hãng, giao hàng tận nơi miễn phí.",Intel UHD Graphics 730,DDR4 3200MHz,2 khe cắm (Hỗ trợ tối đa 64GB),256GB M.2 NVMe SSD,,,,Windows 11 Home,,"Intel Core i3-13100 ( 3.4 GHz - 4.5 GHz / 12MB / 4 nhân, 8 luồng )",8GB,"Số cổng lưu trữ: 1xM.2 NVMe  4x3.5&quot; SATA Cổng kết nối: 8xUSB 5x3.5 mm, LAN 1 Gb/s 2xPS/2 Khe PCI/PCIe: 1xPCIe 4.0 x16 2xPCI-E 3.0 x1 Cổng xuất hình: 1xHDMI 1xDisplayPort 1xVGA/D-sub",,,,,,,,,
https://cellphones.com.vn/may-tinh-pc-cps-van-phong-s05.html,PC CPS văn phòng S05 i5 12400 / 8GB - 256GB,intel,Liên hệ,may-tinh-pc-cps-van-phong-s05,"Mua ngay PC CPS văn phòng S05 giá rẻ - Hỗ trợ trả góp 0%, đổi mới 30 ngày, bảo hành chính hãng, giao hàng tận nơi miễn phí.",,,,,Intel Core i5 12400,Onboard,Ram PC VSP DDR4 3200MHZ 8GB (1*8GB),,,,8GB,,Ổ cứng SSD VSP 860G SATA III 2.5&quot; 256GB,Mainboard MSI Pro H610M-S DDR4,LGA 1700,H610M,,Tản nhiệt khí CPU Jonsbo CR-1200E RGB,,,
https://cellphones.com.vn/may-tinh-pc-cps-van-phong-s07.html,PC CPS Văn Phòng S07 i5 14400 / 16GB - 256GB,intel,Liên hệ,PC.VP.07,"Mua ngay PC CPS Văn Phòng S07  giá rẻ - Hỗ trợ trả góp 0%, đổi mới 30 ngày, bảo hành chính hãng, giao hàng tận nơi miễn phí.",,,,,CPU Intel Core i5 14400,Onboard,Ram PC Kingston Fury Beast DDR4 3200MHz 16GB KF432C16BB1/16WP,,,,16GB,,Ổ cứng SSD VSP 860G SATA III 2.5&quot; 256GB,Mainboard MSI Pro H610M-S DDR4,LGA 1700,H610M,,,,,
https://cellphones.com.vn/pc-cps-gaming-g13.html,PC CPS Gaming G13 i7 12700F / 16GB - 256GB / RTX 5060,intel,Liên hệ,PC.GM.13,"Mua ngay PC CPS Gaming G13 giá rẻ - Hỗ trợ trả góp 0%, đổi mới 30 ngày, bảo hành chính hãng, giao hàng tận nơi miễn phí.",,,,,Intel Core i7-12700F,VGA MSI Geforce RTX 5060 8GB Shadow 2X OC,RAM PC ADATA XPG D50 RGB 16GB (1x16GB) 3200MHz DDR4,,1 x Bàn phím / Chuột1 x DisplayPort1 x USB 3.2 Gen 1 5Gbps (Type-A)1 x 2.5G LAN1 x Wi-Fi / Bluetooth1 x Cổng âm thanh1 x USB 2.01 x HDMI™1 x USB 3.2 Gen 2 10Gbps (Type-A),,16GB,,Ổ cứng SSD Transcend 110S NVMe PCIe Gen3 x4 256GB,Mainboard MSI PRO B760M-A WIFI DDR4,LGA 1700,B760M,,,,,
https://cellphones.com.vn/may-tinh-pc-cps-do-hoa-d09.html,PC CPS Đồ Hoạ D09 i5 14700K / 32GB - 512GB / RTX 5060 Ti,intel,Liên hệ,may-tinh-pc-cps-do-hoa-d09,"Mua PC CPS Đồ Hoạ D09 chính hãng - Giá rẻ, đảm bảo chất lượng, độ bền cao, hỗ trợ trả góp 0%, giao hàng miễn phí toàn quốc.",,,,,Intel Core i7-14700K,Vga MSI GeForce RTX 5060 Ti 16G Ventus 2X OC Plus,Ram PC Kingston Fury DDR5 5600MHz 32GB (2*16) KF556C40BBK2-32WP,,,,,,Ổ cứng SSD Transcend 110S NVMe PCIe Gen3 x4 512GB,B760M,LGA 1700,B760M,,Tản nhiệt nước Corsair iCUE Link Titan 360 RX RGBQuạt tản nhiệt Corsair RS120 3 Pack,,,
https://cellphones.com.vn/pc-cps-do-hoa-d1.html,PC CPS Đồ Hoạ D01 i5 12400F / 8GB - 256GB / RX 6500,Hãng khác,Liên hệ,PC.DH.01,"Mua ngay PC CPS đồ họa D1 giá rẻ - Hỗ trợ trả góp 0%, đổi mới 30 ngày, bảo hành chính hãng, giao hàng tận nơi miễn phí.",,,,,Intel Core i5-12400F,VGA Gigabyte Radeon RX 6500 XT Eagle 4GB GV-R65XTEAGLE-4GD,RAM PC Kingston Fury Beast DDR4 3200MHz 8GB KF432C16BB/8WP,,,,,,Ổ cứng SSD Transcend 110S NVMe PCIe Gen3 x4 256GB,Mainboard MSI Pro H610M-S DDR4,LGA 1700,H610M,,Tản nhiệt khí Xigmatek EPIX II,,,
https://cellphones.com.vn/pc-cps-creator-ai-h780.html,PC CPS Creator AI H780 AMD Ryzen 7 7800X3D / RTX 5080,Hãng khác,Liên hệ,PC.CPS.120,"Mua PC CPS Creator AI H780 AMD Ryzen 7 7800X3D / RTX 5080 chính hãng - Giá rẻ, đảm bảo chất lượng, độ bền cao, hỗ trợ trả góp 0%, giao hàng miễn phí toàn quốc.",,,,,CPU AMD Ryzen 7 7800X3D (Tray),VGA Gigabyte Geforce RTX 5080 WindForce 16GB GV-N5080WF3OC-16GD,Ram PC Kingston Fury DDR5 5600MHz 32GB (2*16) KF556C40BBK2-32WP,,,,32GB,,Ổ cứng SSD Kingston NV3 PCIe 4.0 NVMe 1TB,Mainboard Asrock X870 Pro RS Wifi D5,,X670E,,Tản nhiệt nước MSI Mag Coreliquid A13 360Fan Case Corsair RS120 ARGB White (3 Pack),,,
https://cellphones.com.vn/may-tinh-pc-cps-do-hoa-d08.html,PC CPS Đồ Hoạ D08 i7 14700K / 32GB - 512GB / RTX 5060,intel,Liên hệ,may-tinh-pc-cps-do-hoa-d08,"Mua PC CPS Đồ Hoạ D08 chính hãng - Giá rẻ, đảm bảo chất lượng, độ bền cao, hỗ trợ trả góp 0%, giao hàng miễn phí toàn quốc.",,,,,Intel Core i7 14700K (SN),VGA MSI Geforce RTX 5060 8GB Shadow 2X OC,Ram PC Kingston Fury DDR5 5600MHz 32GB (2*16) KF556C40BBK2-32WP,,,,32GB,,Ổ cứng SSD Transcend 110S NVMe PCIe Gen3 x4 512GB,B760M,LGA 1700,B760M,,Tản nhiệt nước MSI Mag Coreliquid A13 360Quạt tản nhiệt Corsair RS120 3 Pack,,,
https://cellphones.com.vn/pc-cps-msi-gaming-intel-i5-gen-12.html,PC CPS X MSI Gaming Intel i5 Gen 12 Kèm màn hình,MSI,Liên hệ,PC.CPS.93,"Mua ngay PC CPS X MSI Gaming Intel i5 Gen 12 Kèm màn hình giá rẻ - Hỗ trợ trả góp 0%, đổi mới 30 ngày, bảo hành chính hãng, giao hàng tận nơi miễn phí.",,,,,Intel Core i5 12400F,VGA MSI GeForce RTX 3060 VENTUS 2X 12G OC,RAM PC ADATA XPG D50 RGB 16GB (1x16GB) 3200MHz DDR4,,,,16GB,,Ổ cứng SSD Transcend 110S NVMe PCIe Gen3 x4 512GB,Mainboard MSI Pro B760M-E DDR4,,B760M,Màn hình Gaming MSI MAG 244F 24 inch,,,,
https://cellphones.com.vn/pc-cps-quantum-blaze-5090.html,PC CPS Quantum Blaze 5090,intel,Liên hệ,PC.CPS.115,"Mua ngay PC CPS Quantum Blaze 5090 giá rẻ - Hỗ trợ trả góp 0%, đổi mới 30 ngày, bảo hành chính hãng, giao hàng tận nơi miễn phí.",,,,,CPU Intel Core Ultra 9 285K,VGA MSI Geforce RTX 5090 32G Ventus 3X OC,Ram PC Kingston Fury Beast RGB DDR5 5600MHz 64GB (2*32GB),,,,64GB,,Ổ cứng SSD Samsung 990 PRO PCIE Gen 4.0 X4 NVMe (R 7450/W 6900) 2TB,Mainboard ASRock Z890 Pro RS Wifi White D5,,,,Tản nhiệt nước Corsair iCUE Link Titan 360 RX RGB Quạt tản nhiệt Corsair RS120 3 Pack,,,
https://cellphones.com.vn/may-tinh-pc-cps-van-phong-intel-i3-gen-14.html,PC CPS văn phòng Intel i3 Gen 14 - Kèm màn hình,intel,Liên hệ,PC.CPS.69,"Mua ngay PC CPS văn phòng Intel i3 Gen 14 - Kèm màn hình giá rẻ - Hỗ trợ trả góp 0%, đổi mới 30 ngày, bảo hành chính hãng, giao hàng tận nơi miễn phí.",,,,,CPU Intel Core i3 14100,Onboard,Ram PC VSP DDR4 3200MHZ 8GB (1*8GB),,,,8GB,,Ổ cứng SSD VSP 860G SATA III 2.5&quot; 256GB,Mainboard MSI Pro H610M-S DDR4,LGA 1700,H610M,Màn hình Aiwa AW-MF2228-Y 22 inch,Tản nhiệt khí CPU Jonsbo CR-1200E RGB,22 inches,,1920 x 1080 pixels (FullHD)
https://cellphones.com.vn/pc-rosa-office-amd-r3-3200g.html,PC Rosa Office 3200G,Rosa,Liên hệ,pc-rosa-office-amd-r3-3200g,"Mua ngay PC Rosa Office 3200G giá rẻ - Hỗ trợ trả góp 0%, đổi mới 30 ngày, bảo hành chính hãng, giao hàng tận nơi miễn phí.",Radeon Vega 8,DDR4 8GB 3200Hz,1 x 8GB,SSD 240G/256G 2.5&quot; SATA,,,,Window 11 Pro,,AMD Ryzen 3 3200G,8GB,,,,,,,Wraith Stealth,,,
https://cellphones.com.vn/pc-asus-s501md-512400079w.html,PC văn phòng ASUS S501MD-512400079W,ASUS,Liên hệ,PC-ASU-S501MD-512400079W-I5-12400-DN,"Mua ngay PC văn phòng ASUS S501MD-512400079W giá rẻ - Hỗ trợ trả góp 0%, đổi mới 30 ngày, bảo hành chính hãng, giao hàng tận nơi miễn phí.",Intel UHD Graphics,DDR4 3200 MHz,2 khe (1 khe 8 GB + 1 khe trống),512GB M.2 NVMe™ PCIe® 3.0 SSD,,,,Windows 11 Home SL,1x RJ45 Gigabit Ethernet 1x HDMI 1.4 1x Cổng VGA 1x Display port 1.4 2x PS2 3 x giắc Âm thanh 2x USB 2.0 Loại A 2x USB 3.2 Thế hệ 1 Loại A,"Bộ xử lý Intel® Core™ i5-12400 2,5 GHz (18M Cache, lên đến 4,4 GHz, 6 nhân)",8GB,,,,,B660,,,,,
https://cellphones.com.vn/pc-cps-creator-ai-h147.html,PC CPS Creator AI H147 i7-14700K / RTX 5080,intel,Liên hệ,PC.CPS.121,"Mua PC CPS Creator AI H147 i7-14700K / RTX 5080 chính hãng - Giá rẻ, đảm bảo chất lượng, độ bền cao, hỗ trợ trả góp 0%, giao hàng miễn phí toàn quốc.",,,,,Intel Core i7-14700K (SN),VGA Gigabyte Geforce RTX 5080 WindForce 16GB GV-N5080WF3OC-16GD,Ram PC Kingston Fury DDR5 5600MHz 32GB (2*16) KF556C40BBK2-32WP,,,,32GB,,Ổ cứng SSD Kingston NV3 PCIe 4.0 NVMe 1TB,ASUS TUF Gaming B760M-Plus WiFi D5 (SN),,B760M,,Tản nhiệt nước MSI Mag Coreliquid A13 360Fan Case Corsair RS120 ARGB White (3 Pack),,,
